algo,task,seed,condition,episodes,return_mean,return_std,mse_horizon,mse_mean,checkpoint,run_dir
hamworld,reacher_easy,7,id,10,150.4,26.035360569809665,6,nan,runs/main/model_based/runs/hamworld/reacher_easy/seed_7_20260415-144740/checkpoints/checkpoint_100000.pt,runs/main/model_based/runs/hamworld/reacher_easy/seed_7_20260415-144740
hamworld,reacher_easy,7,mass_0.7,10,151.7,20.209156340629363,6,nan,runs/main/model_based/runs/hamworld/reacher_easy/seed_7_20260415-144740/checkpoints/checkpoint_100000.pt,runs/main/model_based/runs/hamworld/reacher_easy/seed_7_20260415-144740
hamworld,reacher_easy,7,mass_1.3,10,146.9,24.205164738129753,6,nan,runs/main/model_based/runs/hamworld/reacher_easy/seed_7_20260415-144740/checkpoints/checkpoint_100000.pt,runs/main/model_based/runs/hamworld/reacher_easy/seed_7_20260415-144740
hamworld,reacher_easy,7,damp_0.5,10,138.5,25.0009999800008,6,nan,runs/main/model_based/runs/hamworld/reacher_easy/seed_7_20260415-144740/checkpoints/checkpoint_100000.pt,runs/main/model_based/runs/hamworld/reacher_easy/seed_7_20260415-144740
hamworld,reacher_easy,7,damp_2.0,10,129.9,37.53784756748847,6,nan,runs/main/model_based/runs/hamworld/reacher_easy/seed_7_20260415-144740/checkpoints/checkpoint_100000.pt,runs/main/model_based/runs/hamworld/reacher_easy/seed_7_20260415-144740
hamworld,reacher_easy,7,act_0.7,10,140.0,42.29420764123617,6,nan,runs/main/model_based/runs/hamworld/reacher_easy/seed_7_20260415-144740/checkpoints/checkpoint_100000.pt,runs/main/model_based/runs/hamworld/reacher_easy/seed_7_20260415-144740
hamworld,reacher_easy,7,act_1.3,10,149.7,23.790964671488208,6,nan,runs/main/model_based/runs/hamworld/reacher_easy/seed_7_20260415-144740/checkpoints/checkpoint_100000.pt,runs/main/model_based/runs/hamworld/reacher_easy/seed_7_20260415-144740
hamworld,finger_spin,7,id,10,254.6,7.296574538781879,6,nan,runs/main/model_based/runs/hamworld/finger_spin/seed_7_20260415-144740/checkpoints/checkpoint_100000.pt,runs/main/model_based/runs/hamworld/finger_spin/seed_7_20260415-144740
hamworld,finger_spin,7,fric_0.5,10,254.1,12.833160171991933,6,nan,runs/main/model_based/runs/hamworld/finger_spin/seed_7_20260415-144740/checkpoints/checkpoint_100000.pt,runs/main/model_based/runs/hamworld/finger_spin/seed_7_20260415-144740
hamworld,finger_spin,7,fric_1.5,10,254.5,10.15135458941318,6,nan,runs/main/model_based/runs/hamworld/finger_spin/seed_7_20260415-144740/checkpoints/checkpoint_100000.pt,runs/main/model_based/runs/hamworld/finger_spin/seed_7_20260415-144740
hamworld,finger_spin,7,mass_1.3,10,239.0,12.735776379946374,6,nan,runs/main/model_based/runs/hamworld/finger_spin/seed_7_20260415-144740/checkpoints/checkpoint_100000.pt,runs/main/model_based/runs/hamworld/finger_spin/seed_7_20260415-144740
hamworld,finger_spin,7,mass_1.5,10,226.3,11.627983488120371,6,nan,runs/main/model_based/runs/hamworld/finger_spin/seed_7_20260415-144740/checkpoints/checkpoint_100000.pt,runs/main/model_based/runs/hamworld/finger_spin/seed_7_20260415-144740
hamworld,finger_spin,7,delay_2,10,69.0,19.944924166313594,6,nan,runs/main/model_based/runs/hamworld/finger_spin/seed_7_20260415-144740/checkpoints/checkpoint_100000.pt,runs/main/model_based/runs/hamworld/finger_spin/seed_7_20260415-144740
hamworld,cheetah_run,7,id,10,189.38780886538584,12.684662720010804,6,nan,runs/main/model_based/runs/hamworld/cheetah_run/seed_7_20260415-144740/checkpoints/checkpoint_100000.pt,runs/main/model_based/runs/hamworld/cheetah_run/seed_7_20260415-144740
hamworld,cheetah_run,7,mass_0.7,10,138.67825350833328,15.73152968031339,6,nan,runs/main/model_based/runs/hamworld/cheetah_run/seed_7_20260415-144740/checkpoints/checkpoint_100000.pt,runs/main/model_based/runs/hamworld/cheetah_run/seed_7_20260415-144740
hamworld,cheetah_run,7,mass_1.3,10,214.6891809729746,36.255549491706205,6,nan,runs/main/model_based/runs/hamworld/cheetah_run/seed_7_20260415-144740/checkpoints/checkpoint_100000.pt,runs/main/model_based/runs/hamworld/cheetah_run/seed_7_20260415-144740
hamworld,finger_spin,7,mask_30,10,93.7,17.810390225932725,6,nan,runs/main/model_based/runs/hamworld/finger_spin/seed_7_20260415-144740/checkpoints/checkpoint_100000.pt,runs/main/model_based/runs/hamworld/finger_spin/seed_7_20260415-144740
hamworld,cheetah_run,7,damp_0.5,10,175.17697964209566,38.7903103415977,6,nan,runs/main/model_based/runs/hamworld/cheetah_run/seed_7_20260415-144740/checkpoints/checkpoint_100000.pt,runs/main/model_based/runs/hamworld/cheetah_run/seed_7_20260415-144740
hamworld,cheetah_run,7,damp_2.0,10,133.19744139169237,8.524254294414852,6,nan,runs/main/model_based/runs/hamworld/cheetah_run/seed_7_20260415-144740/checkpoints/checkpoint_100000.pt,runs/main/model_based/runs/hamworld/cheetah_run/seed_7_20260415-144740
hamworld,cheetah_run,7,act_0.7,10,123.51865684734942,15.20246596898153,6,nan,runs/main/model_based/runs/hamworld/cheetah_run/seed_7_20260415-144740/checkpoints/checkpoint_100000.pt,runs/main/model_based/runs/hamworld/cheetah_run/seed_7_20260415-144740
hamworld,cheetah_run,7,act_1.3,10,166.43130508489028,28.251647209443483,6,nan,runs/main/model_based/runs/hamworld/cheetah_run/seed_7_20260415-144740/checkpoints/checkpoint_100000.pt,runs/main/model_based/runs/hamworld/cheetah_run/seed_7_20260415-144740
hamworld,cartpole_swingup,7,id,10,47.97620948462496,0.4326835152604959,6,nan,runs/main/model_based/runs/hamworld/cartpole_swingup/seed_7_20260415-144740/checkpoints/checkpoint_100000.pt,runs/main/model_based/runs/hamworld/cartpole_swingup/seed_7_20260415-144740
hamworld,cartpole_swingup,7,mass_0.7,10,50.72693614993648,0.39402140447743017,6,nan,runs/main/model_based/runs/hamworld/cartpole_swingup/seed_7_20260415-144740/checkpoints/checkpoint_100000.pt,runs/main/model_based/runs/hamworld/cartpole_swingup/seed_7_20260415-144740
hamworld,cartpole_swingup,7,mass_1.3,10,45.64862622473894,0.2259085943261135,6,nan,runs/main/model_based/runs/hamworld/cartpole_swingup/seed_7_20260415-144740/checkpoints/checkpoint_100000.pt,runs/main/model_based/runs/hamworld/cartpole_swingup/seed_7_20260415-144740
hamworld,cartpole_swingup,7,damp_0.5,10,48.01522543717478,0.34756765126107453,6,nan,runs/main/model_based/runs/hamworld/cartpole_swingup/seed_7_20260415-144740/checkpoints/checkpoint_100000.pt,runs/main/model_based/runs/hamworld/cartpole_swingup/seed_7_20260415-144740
hamworld,cartpole_swingup,7,damp_2.0,10,47.94888170485909,0.277881991483566,6,nan,runs/main/model_based/runs/hamworld/cartpole_swingup/seed_7_20260415-144740/checkpoints/checkpoint_100000.pt,runs/main/model_based/runs/hamworld/cartpole_swingup/seed_7_20260415-144740
hamworld,cartpole_swingup,7,act_0.7,10,44.65727996386294,0.35619329636002844,6,nan,runs/main/model_based/runs/hamworld/cartpole_swingup/seed_7_20260415-144740/checkpoints/checkpoint_100000.pt,runs/main/model_based/runs/hamworld/cartpole_swingup/seed_7_20260415-144740
hamworld,cartpole_swingup,7,act_1.3,10,49.71920091366687,0.39162998400510785,6,nan,runs/main/model_based/runs/hamworld/cartpole_swingup/seed_7_20260415-144740/checkpoints/checkpoint_100000.pt,runs/main/model_based/runs/hamworld/cartpole_swingup/seed_7_20260415-144740
hamworld,reacher_easy,8,id,10,158.2,18.214280112043955,6,nan,runs/main/model_based/runs/hamworld/reacher_easy/seed_8_20260415-154604/checkpoints/checkpoint_100000.pt,runs/main/model_based/runs/hamworld/reacher_easy/seed_8_20260415-154604
hamworld,reacher_easy,8,mass_0.7,10,157.8,18.175808097578493,6,nan,runs/main/model_based/runs/hamworld/reacher_easy/seed_8_20260415-154604/checkpoints/checkpoint_100000.pt,runs/main/model_based/runs/hamworld/reacher_easy/seed_8_20260415-154604
hamworld,reacher_easy,8,mass_1.3,10,159.6,16.853486286225767,6,nan,runs/main/model_based/runs/hamworld/reacher_easy/seed_8_20260415-154604/checkpoints/checkpoint_100000.pt,runs/main/model_based/runs/hamworld/reacher_easy/seed_8_20260415-154604
hamworld,reacher_easy,8,damp_0.5,10,147.4,20.48023437365891,6,nan,runs/main/model_based/runs/hamworld/reacher_easy/seed_8_20260415-154604/checkpoints/checkpoint_100000.pt,runs/main/model_based/runs/hamworld/reacher_easy/seed_8_20260415-154604
hamworld,reacher_easy,8,damp_2.0,10,137.0,22.807893370497855,6,nan,runs/main/model_based/runs/hamworld/reacher_easy/seed_8_20260415-154604/checkpoints/checkpoint_100000.pt,runs/main/model_based/runs/hamworld/reacher_easy/seed_8_20260415-154604
hamworld,reacher_easy,8,act_0.7,10,148.0,20.376457003120045,6,nan,runs/main/model_based/runs/hamworld/reacher_easy/seed_8_20260415-154604/checkpoints/checkpoint_100000.pt,runs/main/model_based/runs/hamworld/reacher_easy/seed_8_20260415-154604
hamworld,reacher_easy,8,act_1.3,10,152.4,23.938253904577085,6,nan,runs/main/model_based/runs/hamworld/reacher_easy/seed_8_20260415-154604/checkpoints/checkpoint_100000.pt,runs/main/model_based/runs/hamworld/reacher_easy/seed_8_20260415-154604
hamworld,finger_spin,8,id,10,264.4,8.56971411425142,6,nan,runs/main/model_based/runs/hamworld/finger_spin/seed_8_20260415-154703/checkpoints/checkpoint_100000.pt,runs/main/model_based/runs/hamworld/finger_spin/seed_8_20260415-154703
hamworld,finger_spin,8,fric_0.5,10,233.6,79.27572137798559,6,nan,runs/main/model_based/runs/hamworld/finger_spin/seed_8_20260415-154703/checkpoints/checkpoint_100000.pt,runs/main/model_based/runs/hamworld/finger_spin/seed_8_20260415-154703
hamworld,finger_spin,8,fric_1.5,10,265.1,12.095040305844375,6,nan,runs/main/model_based/runs/hamworld/finger_spin/seed_8_20260415-154703/checkpoints/checkpoint_100000.pt,runs/main/model_based/runs/hamworld/finger_spin/seed_8_20260415-154703
hamworld,finger_spin,8,mass_1.3,10,240.6,14.347125147568763,6,nan,runs/main/model_based/runs/hamworld/finger_spin/seed_8_20260415-154703/checkpoints/checkpoint_100000.pt,runs/main/model_based/runs/hamworld/finger_spin/seed_8_20260415-154703
hamworld,finger_spin,8,mass_1.5,10,202.6,68.21759303874624,6,nan,runs/main/model_based/runs/hamworld/finger_spin/seed_8_20260415-154703/checkpoints/checkpoint_100000.pt,runs/main/model_based/runs/hamworld/finger_spin/seed_8_20260415-154703
hamworld,finger_spin,8,delay_2,10,74.2,15.203946855997623,6,nan,runs/main/model_based/runs/hamworld/finger_spin/seed_8_20260415-154703/checkpoints/checkpoint_100000.pt,runs/main/model_based/runs/hamworld/finger_spin/seed_8_20260415-154703
hamworld,cheetah_run,8,id,10,167.17543764361636,12.783822620415803,6,nan,runs/main/model_based/runs/hamworld/cheetah_run/seed_8_20260415-154721/checkpoints/checkpoint_100000.pt,runs/main/model_based/runs/hamworld/cheetah_run/seed_8_20260415-154721
hamworld,cheetah_run,8,mass_0.7,10,127.13010616691629,19.486824739230727,6,nan,runs/main/model_based/runs/hamworld/cheetah_run/seed_8_20260415-154721/checkpoints/checkpoint_100000.pt,runs/main/model_based/runs/hamworld/cheetah_run/seed_8_20260415-154721
hamworld,finger_spin,8,mask_30,10,86.5,18.757665099899828,6,nan,runs/main/model_based/runs/hamworld/finger_spin/seed_8_20260415-154703/checkpoints/checkpoint_100000.pt,runs/main/model_based/runs/hamworld/finger_spin/seed_8_20260415-154703
hamworld,cheetah_run,8,mass_1.3,10,196.5659965797501,17.408330794019584,6,nan,runs/main/model_based/runs/hamworld/cheetah_run/seed_8_20260415-154721/checkpoints/checkpoint_100000.pt,runs/main/model_based/runs/hamworld/cheetah_run/seed_8_20260415-154721
hamworld,cheetah_run,8,damp_0.5,10,177.18713433892248,35.20693733311851,6,nan,runs/main/model_based/runs/hamworld/cheetah_run/seed_8_20260415-154721/checkpoints/checkpoint_100000.pt,runs/main/model_based/runs/hamworld/cheetah_run/seed_8_20260415-154721
hamworld,cheetah_run,8,damp_2.0,10,152.29452205836736,7.550039207422448,6,nan,runs/main/model_based/runs/hamworld/cheetah_run/seed_8_20260415-154721/checkpoints/checkpoint_100000.pt,runs/main/model_based/runs/hamworld/cheetah_run/seed_8_20260415-154721
hamworld,cheetah_run,8,act_0.7,10,149.1231011859563,11.73272279599429,6,nan,runs/main/model_based/runs/hamworld/cheetah_run/seed_8_20260415-154721/checkpoints/checkpoint_100000.pt,runs/main/model_based/runs/hamworld/cheetah_run/seed_8_20260415-154721
hamworld,cheetah_run,8,act_1.3,10,167.1797088197479,25.08810809461214,6,nan,runs/main/model_based/runs/hamworld/cheetah_run/seed_8_20260415-154721/checkpoints/checkpoint_100000.pt,runs/main/model_based/runs/hamworld/cheetah_run/seed_8_20260415-154721
hamworld,cartpole_swingup,8,id,10,54.771782229379085,0.07917582678739396,6,nan,runs/main/model_based/runs/hamworld/cartpole_swingup/seed_8_20260415-154832/checkpoints/checkpoint_100000.pt,runs/main/model_based/runs/hamworld/cartpole_swingup/seed_8_20260415-154832
hamworld,cartpole_swingup,8,mass_0.7,10,58.78462594075425,0.3072654564511507,6,nan,runs/main/model_based/runs/hamworld/cartpole_swingup/seed_8_20260415-154832/checkpoints/checkpoint_100000.pt,runs/main/model_based/runs/hamworld/cartpole_swingup/seed_8_20260415-154832
hamworld,cartpole_swingup,8,mass_1.3,10,51.01269217708856,0.28881484602456936,6,nan,runs/main/model_based/runs/hamworld/cartpole_swingup/seed_8_20260415-154832/checkpoints/checkpoint_100000.pt,runs/main/model_based/runs/hamworld/cartpole_swingup/seed_8_20260415-154832
hamworld,cartpole_swingup,8,damp_0.5,10,54.73707799526444,0.17909249067293773,6,nan,runs/main/model_based/runs/hamworld/cartpole_swingup/seed_8_20260415-154832/checkpoints/checkpoint_100000.pt,runs/main/model_based/runs/hamworld/cartpole_swingup/seed_8_20260415-154832
hamworld,cartpole_swingup,8,damp_2.0,10,54.74466811550006,0.23068140134338255,6,nan,runs/main/model_based/runs/hamworld/cartpole_swingup/seed_8_20260415-154832/checkpoints/checkpoint_100000.pt,runs/main/model_based/runs/hamworld/cartpole_swingup/seed_8_20260415-154832
hamworld,cartpole_swingup,8,act_0.7,10,49.72339784466994,0.20077229036865316,6,nan,runs/main/model_based/runs/hamworld/cartpole_swingup/seed_8_20260415-154832/checkpoints/checkpoint_100000.pt,runs/main/model_based/runs/hamworld/cartpole_swingup/seed_8_20260415-154832
hamworld,cartpole_swingup,8,act_1.3,10,58.09936092100145,0.3087395907531795,6,nan,runs/main/model_based/runs/hamworld/cartpole_swingup/seed_8_20260415-154832/checkpoints/checkpoint_100000.pt,runs/main/model_based/runs/hamworld/cartpole_swingup/seed_8_20260415-154832
hamworld,reacher_easy,9,id,10,162.3,41.48264697436748,6,nan,runs/main/model_based/runs/hamworld/reacher_easy/seed_9_20260415-193323/checkpoints/checkpoint_100000.pt,runs/main/model_based/runs/hamworld/reacher_easy/seed_9_20260415-193323
hamworld,reacher_easy,9,mass_0.7,10,166.0,37.621802189687834,6,nan,runs/main/model_based/runs/hamworld/reacher_easy/seed_9_20260415-193323/checkpoints/checkpoint_100000.pt,runs/main/model_based/runs/hamworld/reacher_easy/seed_9_20260415-193323
hamworld,reacher_easy,9,mass_1.3,10,169.8,31.833315881321568,6,nan,runs/main/model_based/runs/hamworld/reacher_easy/seed_9_20260415-193323/checkpoints/checkpoint_100000.pt,runs/main/model_based/runs/hamworld/reacher_easy/seed_9_20260415-193323
hamworld,reacher_easy,9,damp_0.5,10,139.1,58.4678544159096,6,nan,runs/main/model_based/runs/hamworld/reacher_easy/seed_9_20260415-193323/checkpoints/checkpoint_100000.pt,runs/main/model_based/runs/hamworld/reacher_easy/seed_9_20260415-193323
hamworld,reacher_easy,9,damp_2.0,10,152.1,57.35233212346295,6,nan,runs/main/model_based/runs/hamworld/reacher_easy/seed_9_20260415-193323/checkpoints/checkpoint_100000.pt,runs/main/model_based/runs/hamworld/reacher_easy/seed_9_20260415-193323
hamworld,reacher_easy,9,act_0.7,10,158.3,48.97764796312702,6,nan,runs/main/model_based/runs/hamworld/reacher_easy/seed_9_20260415-193323/checkpoints/checkpoint_100000.pt,runs/main/model_based/runs/hamworld/reacher_easy/seed_9_20260415-193323
hamworld,reacher_easy,9,act_1.3,10,153.3,40.17474330969645,6,nan,runs/main/model_based/runs/hamworld/reacher_easy/seed_9_20260415-193323/checkpoints/checkpoint_100000.pt,runs/main/model_based/runs/hamworld/reacher_easy/seed_9_20260415-193323
hamworld,finger_spin,9,id,10,231.8,17.29624236647949,6,nan,runs/main/model_based/runs/hamworld/finger_spin/seed_9_20260415-193824/checkpoints/checkpoint_100000.pt,runs/main/model_based/runs/hamworld/finger_spin/seed_9_20260415-193824
hamworld,finger_spin,9,fric_0.5,10,240.7,11.739250401963492,6,nan,runs/main/model_based/runs/hamworld/finger_spin/seed_9_20260415-193824/checkpoints/checkpoint_100000.pt,runs/main/model_based/runs/hamworld/finger_spin/seed_9_20260415-193824
hamworld,finger_spin,9,fric_1.5,10,239.8,8.646386528486914,6,nan,runs/main/model_based/runs/hamworld/finger_spin/seed_9_20260415-193824/checkpoints/checkpoint_100000.pt,runs/main/model_based/runs/hamworld/finger_spin/seed_9_20260415-193824
hamworld,finger_spin,9,mass_1.3,10,218.2,20.033971149025845,6,nan,runs/main/model_based/runs/hamworld/finger_spin/seed_9_20260415-193824/checkpoints/checkpoint_100000.pt,runs/main/model_based/runs/hamworld/finger_spin/seed_9_20260415-193824
hamworld,finger_spin,9,mass_1.5,10,204.6,18.494323453427544,6,nan,runs/main/model_based/runs/hamworld/finger_spin/seed_9_20260415-193824/checkpoints/checkpoint_100000.pt,runs/main/model_based/runs/hamworld/finger_spin/seed_9_20260415-193824
hamworld,finger_spin,9,delay_2,10,79.9,17.495427974188,6,nan,runs/main/model_based/runs/hamworld/finger_spin/seed_9_20260415-193824/checkpoints/checkpoint_100000.pt,runs/main/model_based/runs/hamworld/finger_spin/seed_9_20260415-193824
hamworld,cheetah_run,9,id,10,215.9129204922041,11.396997774681365,6,nan,runs/main/model_based/runs/hamworld/cheetah_run/seed_9_20260415-194602/checkpoints/checkpoint_100000.pt,runs/main/model_based/runs/hamworld/cheetah_run/seed_9_20260415-194602
hamworld,cheetah_run,9,mass_0.7,10,128.9726575414218,36.012186842493385,6,nan,runs/main/model_based/runs/hamworld/cheetah_run/seed_9_20260415-194602/checkpoints/checkpoint_100000.pt,runs/main/model_based/runs/hamworld/cheetah_run/seed_9_20260415-194602
hamworld,finger_spin,9,mask_30,10,94.3,14.40867794074113,6,nan,runs/main/model_based/runs/hamworld/finger_spin/seed_9_20260415-193824/checkpoints/checkpoint_100000.pt,runs/main/model_based/runs/hamworld/finger_spin/seed_9_20260415-193824
hamworld,cheetah_run,9,mass_1.3,10,219.39268436321245,46.84556629478627,6,nan,runs/main/model_based/runs/hamworld/cheetah_run/seed_9_20260415-194602/checkpoints/checkpoint_100000.pt,runs/main/model_based/runs/hamworld/cheetah_run/seed_9_20260415-194602
hamworld,cheetah_run,9,damp_0.5,10,191.18146709962738,48.28185407292877,6,nan,runs/main/model_based/runs/hamworld/cheetah_run/seed_9_20260415-194602/checkpoints/checkpoint_100000.pt,runs/main/model_based/runs/hamworld/cheetah_run/seed_9_20260415-194602
hamworld,cheetah_run,9,damp_2.0,10,159.24808313358028,12.415638572769195,6,nan,runs/main/model_based/runs/hamworld/cheetah_run/seed_9_20260415-194602/checkpoints/checkpoint_100000.pt,runs/main/model_based/runs/hamworld/cheetah_run/seed_9_20260415-194602
hamworld,cheetah_run,9,act_0.7,10,136.02126172776732,25.87108371106163,6,nan,runs/main/model_based/runs/hamworld/cheetah_run/seed_9_20260415-194602/checkpoints/checkpoint_100000.pt,runs/main/model_based/runs/hamworld/cheetah_run/seed_9_20260415-194602
hamworld,cartpole_swingup,9,id,10,52.00892978468884,0.29882407133009586,6,nan,runs/main/model_based/runs/hamworld/cartpole_swingup/seed_9_20260415-195030/checkpoints/checkpoint_100000.pt,runs/main/model_based/runs/hamworld/cartpole_swingup/seed_9_20260415-195030
hamworld,cartpole_swingup,9,mass_0.7,10,55.50997150201927,0.25261185415029913,6,nan,runs/main/model_based/runs/hamworld/cartpole_swingup/seed_9_20260415-195030/checkpoints/checkpoint_100000.pt,runs/main/model_based/runs/hamworld/cartpole_swingup/seed_9_20260415-195030
hamworld,cheetah_run,9,act_1.3,10,199.08650042452,55.704762407553304,6,nan,runs/main/model_based/runs/hamworld/cheetah_run/seed_9_20260415-194602/checkpoints/checkpoint_100000.pt,runs/main/model_based/runs/hamworld/cheetah_run/seed_9_20260415-194602
hamworld,cartpole_swingup,9,mass_1.3,10,48.476494455906504,0.432165733765666,6,nan,runs/main/model_based/runs/hamworld/cartpole_swingup/seed_9_20260415-195030/checkpoints/checkpoint_100000.pt,runs/main/model_based/runs/hamworld/cartpole_swingup/seed_9_20260415-195030
hamworld,cartpole_swingup,9,damp_0.5,10,52.154387924092575,0.13451738893921336,6,nan,runs/main/model_based/runs/hamworld/cartpole_swingup/seed_9_20260415-195030/checkpoints/checkpoint_100000.pt,runs/main/model_based/runs/hamworld/cartpole_swingup/seed_9_20260415-195030
hamworld,cartpole_swingup,9,damp_2.0,10,52.08905382023369,0.2851669791123418,6,nan,runs/main/model_based/runs/hamworld/cartpole_swingup/seed_9_20260415-195030/checkpoints/checkpoint_100000.pt,runs/main/model_based/runs/hamworld/cartpole_swingup/seed_9_20260415-195030
tdmpc2,reacher_easy,7,id,10,136.9,67.8549187605438,6,nan,runs/main/model_based/runs/tdmpc2/reacher_easy/seed_7_20260415-144740/checkpoints/checkpoint_100000.pt,runs/main/model_based/runs/tdmpc2/reacher_easy/seed_7_20260415-144740
hamworld,cartpole_swingup,9,act_0.7,10,46.49273006497621,0.31817303989019985,6,nan,runs/main/model_based/runs/hamworld/cartpole_swingup/seed_9_20260415-195030/checkpoints/checkpoint_100000.pt,runs/main/model_based/runs/hamworld/cartpole_swingup/seed_9_20260415-195030
tdmpc2,reacher_easy,7,mass_0.7,10,137.4,68.70982462501269,6,nan,runs/main/model_based/runs/tdmpc2/reacher_easy/seed_7_20260415-144740/checkpoints/checkpoint_100000.pt,runs/main/model_based/runs/tdmpc2/reacher_easy/seed_7_20260415-144740
tdmpc2,reacher_easy,7,mass_1.3,10,135.7,65.88330592798148,6,nan,runs/main/model_based/runs/tdmpc2/reacher_easy/seed_7_20260415-144740/checkpoints/checkpoint_100000.pt,runs/main/model_based/runs/tdmpc2/reacher_easy/seed_7_20260415-144740
tdmpc2,reacher_easy,7,damp_0.5,10,140.6,70.97210719712356,6,nan,runs/main/model_based/runs/tdmpc2/reacher_easy/seed_7_20260415-144740/checkpoints/checkpoint_100000.pt,runs/main/model_based/runs/tdmpc2/reacher_easy/seed_7_20260415-144740
hamworld,cartpole_swingup,9,act_1.3,10,54.177810262184344,0.4853915054598505,6,nan,runs/main/model_based/runs/hamworld/cartpole_swingup/seed_9_20260415-195030/checkpoints/checkpoint_100000.pt,runs/main/model_based/runs/hamworld/cartpole_swingup/seed_9_20260415-195030
tdmpc2,reacher_easy,7,damp_2.0,10,121.5,61.54063698077881,6,nan,runs/main/model_based/runs/tdmpc2/reacher_easy/seed_7_20260415-144740/checkpoints/checkpoint_100000.pt,runs/main/model_based/runs/tdmpc2/reacher_easy/seed_7_20260415-144740
tdmpc2,reacher_easy,7,act_0.7,10,130.7,63.990702449652794,6,nan,runs/main/model_based/runs/tdmpc2/reacher_easy/seed_7_20260415-144740/checkpoints/checkpoint_100000.pt,runs/main/model_based/runs/tdmpc2/reacher_easy/seed_7_20260415-144740
tdmpc2,reacher_easy,7,act_1.3,10,142.4,69.62068658092937,6,nan,runs/main/model_based/runs/tdmpc2/reacher_easy/seed_7_20260415-144740/checkpoints/checkpoint_100000.pt,runs/main/model_based/runs/tdmpc2/reacher_easy/seed_7_20260415-144740
tdmpc2,finger_spin,7,id,10,210.1,16.18919392681427,6,nan,runs/main/model_based/runs/tdmpc2/finger_spin/seed_7_20260415-144741/checkpoints/checkpoint_100000.pt,runs/main/model_based/runs/tdmpc2/finger_spin/seed_7_20260415-144741
tdmpc2,finger_spin,7,fric_0.5,10,205.6,24.18346542578214,6,nan,runs/main/model_based/runs/tdmpc2/finger_spin/seed_7_20260415-144741/checkpoints/checkpoint_100000.pt,runs/main/model_based/runs/tdmpc2/finger_spin/seed_7_20260415-144741
tdmpc2,finger_spin,7,fric_1.5,10,219.2,24.494080917642123,6,nan,runs/main/model_based/runs/tdmpc2/finger_spin/seed_7_20260415-144741/checkpoints/checkpoint_100000.pt,runs/main/model_based/runs/tdmpc2/finger_spin/seed_7_20260415-144741
tdmpc2,finger_spin,7,mass_1.3,10,206.4,25.160286166894046,6,nan,runs/main/model_based/runs/tdmpc2/finger_spin/seed_7_20260415-144741/checkpoints/checkpoint_100000.pt,runs/main/model_based/runs/tdmpc2/finger_spin/seed_7_20260415-144741
tdmpc2,finger_spin,7,mass_1.5,10,186.0,21.52208168370337,6,nan,runs/main/model_based/runs/tdmpc2/finger_spin/seed_7_20260415-144741/checkpoints/checkpoint_100000.pt,runs/main/model_based/runs/tdmpc2/finger_spin/seed_7_20260415-144741
tdmpc2,finger_spin,7,delay_2,10,51.0,17.69180601295413,6,nan,runs/main/model_based/runs/tdmpc2/finger_spin/seed_7_20260415-144741/checkpoints/checkpoint_100000.pt,runs/main/model_based/runs/tdmpc2/finger_spin/seed_7_20260415-144741
tdmpc2,cheetah_run,7,id,10,143.03752361649498,45.12279396776347,6,nan,runs/main/model_based/runs/tdmpc2/cheetah_run/seed_7_20260415-144740/checkpoints/checkpoint_100000.pt,runs/main/model_based/runs/tdmpc2/cheetah_run/seed_7_20260415-144740
tdmpc2,cheetah_run,7,mass_0.7,10,101.76329957221323,24.5474470655106,6,nan,runs/main/model_based/runs/tdmpc2/cheetah_run/seed_7_20260415-144740/checkpoints/checkpoint_100000.pt,runs/main/model_based/runs/tdmpc2/cheetah_run/seed_7_20260415-144740
tdmpc2,finger_spin,7,mask_30,10,77.7,21.982038122066843,6,nan,runs/main/model_based/runs/tdmpc2/finger_spin/seed_7_20260415-144741/checkpoints/checkpoint_100000.pt,runs/main/model_based/runs/tdmpc2/finger_spin/seed_7_20260415-144741
tdmpc2,cheetah_run,7,damp_0.5,10,106.02583473022817,46.94386706062936,6,nan,runs/main/model_based/runs/tdmpc2/cheetah_run/seed_7_20260415-144740/checkpoints/checkpoint_100000.pt,runs/main/model_based/runs/tdmpc2/cheetah_run/seed_7_20260415-144740
tdmpc2,cheetah_run,7,mass_1.3,10,170.35705546133107,42.22406226079698,6,nan,runs/main/model_based/runs/tdmpc2/cheetah_run/seed_7_20260415-144740/checkpoints/checkpoint_100000.pt,runs/main/model_based/runs/tdmpc2/cheetah_run/seed_7_20260415-144740
tdmpc2,cheetah_run,7,damp_2.0,10,137.15240372823806,4.030211543487213,6,nan,runs/main/model_based/runs/tdmpc2/cheetah_run/seed_7_20260415-144740/checkpoints/checkpoint_100000.pt,runs/main/model_based/runs/tdmpc2/cheetah_run/seed_7_20260415-144740
tdmpc2,cheetah_run,7,act_0.7,10,127.13451082378776,22.92563174400353,6,nan,runs/main/model_based/runs/tdmpc2/cheetah_run/seed_7_20260415-144740/checkpoints/checkpoint_100000.pt,runs/main/model_based/runs/tdmpc2/cheetah_run/seed_7_20260415-144740
tdmpc2,cheetah_run,7,act_1.3,10,150.1380228738829,27.39132337177125,6,nan,runs/main/model_based/runs/tdmpc2/cheetah_run/seed_7_20260415-144740/checkpoints/checkpoint_100000.pt,runs/main/model_based/runs/tdmpc2/cheetah_run/seed_7_20260415-144740
tdmpc2,cartpole_swingup,7,id,10,0.9659441037063617,0.11417092622007309,6,nan,runs/main/model_based/runs/tdmpc2/cartpole_swingup/seed_7_20260415-144741/checkpoints/checkpoint_100000.pt,runs/main/model_based/runs/tdmpc2/cartpole_swingup/seed_7_20260415-144741
tdmpc2,cartpole_swingup,7,mass_0.7,10,14.321843881042616,14.652858633061129,6,nan,runs/main/model_based/runs/tdmpc2/cartpole_swingup/seed_7_20260415-144741/checkpoints/checkpoint_100000.pt,runs/main/model_based/runs/tdmpc2/cartpole_swingup/seed_7_20260415-144741
tdmpc2,cartpole_swingup,7,mass_1.3,10,1.9167684949365018,1.9066600022229727,6,nan,runs/main/model_based/runs/tdmpc2/cartpole_swingup/seed_7_20260415-144741/checkpoints/checkpoint_100000.pt,runs/main/model_based/runs/tdmpc2/cartpole_swingup/seed_7_20260415-144741
tdmpc2,cartpole_swingup,7,damp_0.5,10,0.9208264757183422,0.05464813985258199,6,nan,runs/main/model_based/runs/tdmpc2/cartpole_swingup/seed_7_20260415-144741/checkpoints/checkpoint_100000.pt,runs/main/model_based/runs/tdmpc2/cartpole_swingup/seed_7_20260415-144741
tdmpc2,cartpole_swingup,7,damp_2.0,10,2.9510170258910513,2.6186671333342115,6,nan,runs/main/model_based/runs/tdmpc2/cartpole_swingup/seed_7_20260415-144741/checkpoints/checkpoint_100000.pt,runs/main/model_based/runs/tdmpc2/cartpole_swingup/seed_7_20260415-144741
tdmpc2,cartpole_swingup,7,act_0.7,10,0.9872784547346205,0.1258050004081897,6,nan,runs/main/model_based/runs/tdmpc2/cartpole_swingup/seed_7_20260415-144741/checkpoints/checkpoint_100000.pt,runs/main/model_based/runs/tdmpc2/cartpole_swingup/seed_7_20260415-144741
tdmpc2,cartpole_swingup,7,act_1.3,10,3.3931193490945413,4.898368799183603,6,nan,runs/main/model_based/runs/tdmpc2/cartpole_swingup/seed_7_20260415-144741/checkpoints/checkpoint_100000.pt,runs/main/model_based/runs/tdmpc2/cartpole_swingup/seed_7_20260415-144741
tdmpc2,reacher_easy,8,id,10,179.6,13.237824594698328,6,nan,runs/main/model_based/runs/tdmpc2/reacher_easy/seed_8_20260415-164121/checkpoints/checkpoint_100000.pt,runs/main/model_based/runs/tdmpc2/reacher_easy/seed_8_20260415-164121
tdmpc2,reacher_easy,8,mass_0.7,10,177.8,13.227244611029162,6,nan,runs/main/model_based/runs/tdmpc2/reacher_easy/seed_8_20260415-164121/checkpoints/checkpoint_100000.pt,runs/main/model_based/runs/tdmpc2/reacher_easy/seed_8_20260415-164121
tdmpc2,reacher_easy,8,mass_1.3,10,179.0,13.007690033207279,6,nan,runs/main/model_based/runs/tdmpc2/reacher_easy/seed_8_20260415-164121/checkpoints/checkpoint_100000.pt,runs/main/model_based/runs/tdmpc2/reacher_easy/seed_8_20260415-164121
tdmpc2,reacher_easy,8,damp_0.5,10,184.0,7.628892449104261,6,nan,runs/main/model_based/runs/tdmpc2/reacher_easy/seed_8_20260415-164121/checkpoints/checkpoint_100000.pt,runs/main/model_based/runs/tdmpc2/reacher_easy/seed_8_20260415-164121
tdmpc2,reacher_easy,8,damp_2.0,10,163.0,26.649577857819814,6,nan,runs/main/model_based/runs/tdmpc2/reacher_easy/seed_8_20260415-164121/checkpoints/checkpoint_100000.pt,runs/main/model_based/runs/tdmpc2/reacher_easy/seed_8_20260415-164121
tdmpc2,reacher_easy,8,act_0.7,10,171.7,18.841709051994194,6,nan,runs/main/model_based/runs/tdmpc2/reacher_easy/seed_8_20260415-164121/checkpoints/checkpoint_100000.pt,runs/main/model_based/runs/tdmpc2/reacher_easy/seed_8_20260415-164121
tdmpc2,reacher_easy,8,act_1.3,10,181.0,10.816653826391969,6,nan,runs/main/model_based/runs/tdmpc2/reacher_easy/seed_8_20260415-164121/checkpoints/checkpoint_100000.pt,runs/main/model_based/runs/tdmpc2/reacher_easy/seed_8_20260415-164121
tdmpc2,finger_spin,8,id,10,230.8,12.913558765886343,6,nan,runs/main/model_based/runs/tdmpc2/finger_spin/seed_8_20260415-164312/checkpoints/checkpoint_100000.pt,runs/main/model_based/runs/tdmpc2/finger_spin/seed_8_20260415-164312
tdmpc2,finger_spin,8,fric_0.5,10,234.7,14.629080627298492,6,nan,runs/main/model_based/runs/tdmpc2/finger_spin/seed_8_20260415-164312/checkpoints/checkpoint_100000.pt,runs/main/model_based/runs/tdmpc2/finger_spin/seed_8_20260415-164312
tdmpc2,finger_spin,8,fric_1.5,10,217.2,18.840382161729096,6,nan,runs/main/model_based/runs/tdmpc2/finger_spin/seed_8_20260415-164312/checkpoints/checkpoint_100000.pt,runs/main/model_based/runs/tdmpc2/finger_spin/seed_8_20260415-164312
tdmpc2,finger_spin,8,mass_1.3,10,221.9,14.243946082459033,6,nan,runs/main/model_based/runs/tdmpc2/finger_spin/seed_8_20260415-164312/checkpoints/checkpoint_100000.pt,runs/main/model_based/runs/tdmpc2/finger_spin/seed_8_20260415-164312
tdmpc2,finger_spin,8,mass_1.5,10,198.6,19.422667170087635,6,nan,runs/main/model_based/runs/tdmpc2/finger_spin/seed_8_20260415-164312/checkpoints/checkpoint_100000.pt,runs/main/model_based/runs/tdmpc2/finger_spin/seed_8_20260415-164312
tdmpc2,finger_spin,8,delay_2,10,48.1,17.3,6,nan,runs/main/model_based/runs/tdmpc2/finger_spin/seed_8_20260415-164312/checkpoints/checkpoint_100000.pt,runs/main/model_based/runs/tdmpc2/finger_spin/seed_8_20260415-164312
tdmpc2,cheetah_run,8,id,10,121.02554210911603,30.155796219288003,6,nan,runs/main/model_based/runs/tdmpc2/cheetah_run/seed_8_20260415-164342/checkpoints/checkpoint_100000.pt,runs/main/model_based/runs/tdmpc2/cheetah_run/seed_8_20260415-164342
tdmpc2,cheetah_run,8,mass_0.7,10,85.94378389892434,25.30918621222968,6,nan,runs/main/model_based/runs/tdmpc2/cheetah_run/seed_8_20260415-164342/checkpoints/checkpoint_100000.pt,runs/main/model_based/runs/tdmpc2/cheetah_run/seed_8_20260415-164342
tdmpc2,finger_spin,8,mask_30,10,85.2,20.6145579627602,6,nan,runs/main/model_based/runs/tdmpc2/finger_spin/seed_8_20260415-164312/checkpoints/checkpoint_100000.pt,runs/main/model_based/runs/tdmpc2/finger_spin/seed_8_20260415-164312
tdmpc2,cheetah_run,8,damp_0.5,10,133.02223624438693,24.89181324958896,6,nan,runs/main/model_based/runs/tdmpc2/cheetah_run/seed_8_20260415-164342/checkpoints/checkpoint_100000.pt,runs/main/model_based/runs/tdmpc2/cheetah_run/seed_8_20260415-164342
tdmpc2,cheetah_run,8,mass_1.3,10,157.09689411673037,14.086588743640984,6,nan,runs/main/model_based/runs/tdmpc2/cheetah_run/seed_8_20260415-164342/checkpoints/checkpoint_100000.pt,runs/main/model_based/runs/tdmpc2/cheetah_run/seed_8_20260415-164342
tdmpc2,cheetah_run,8,damp_2.0,10,110.9068823526181,5.114657992976375,6,nan,runs/main/model_based/runs/tdmpc2/cheetah_run/seed_8_20260415-164342/checkpoints/checkpoint_100000.pt,runs/main/model_based/runs/tdmpc2/cheetah_run/seed_8_20260415-164342
tdmpc2,cheetah_run,8,act_0.7,10,107.52403293441073,6.335448180271227,6,nan,runs/main/model_based/runs/tdmpc2/cheetah_run/seed_8_20260415-164342/checkpoints/checkpoint_100000.pt,runs/main/model_based/runs/tdmpc2/cheetah_run/seed_8_20260415-164342
tdmpc2,cheetah_run,8,act_1.3,10,128.93729667624336,30.414108974222092,6,nan,runs/main/model_based/runs/tdmpc2/cheetah_run/seed_8_20260415-164342/checkpoints/checkpoint_100000.pt,runs/main/model_based/runs/tdmpc2/cheetah_run/seed_8_20260415-164342
tdmpc2,cartpole_swingup,8,id,10,37.304066289979765,12.21371926310133,6,nan,runs/main/model_based/runs/tdmpc2/cartpole_swingup/seed_8_20260415-165520/checkpoints/checkpoint_100000.pt,runs/main/model_based/runs/tdmpc2/cartpole_swingup/seed_8_20260415-165520
tdmpc2,cartpole_swingup,8,mass_0.7,10,43.12936472843651,13.885738843373026,6,nan,runs/main/model_based/runs/tdmpc2/cartpole_swingup/seed_8_20260415-165520/checkpoints/checkpoint_100000.pt,runs/main/model_based/runs/tdmpc2/cartpole_swingup/seed_8_20260415-165520
tdmpc2,cartpole_swingup,8,mass_1.3,10,30.40717887244051,14.411525601025954,6,nan,runs/main/model_based/runs/tdmpc2/cartpole_swingup/seed_8_20260415-165520/checkpoints/checkpoint_100000.pt,runs/main/model_based/runs/tdmpc2/cartpole_swingup/seed_8_20260415-165520
tdmpc2,cartpole_swingup,8,damp_0.5,10,35.83601352176812,13.852177419137954,6,nan,runs/main/model_based/runs/tdmpc2/cartpole_swingup/seed_8_20260415-165520/checkpoints/checkpoint_100000.pt,runs/main/model_based/runs/tdmpc2/cartpole_swingup/seed_8_20260415-165520
tdmpc2,cartpole_swingup,8,damp_2.0,10,38.4996087254327,10.866530965623335,6,nan,runs/main/model_based/runs/tdmpc2/cartpole_swingup/seed_8_20260415-165520/checkpoints/checkpoint_100000.pt,runs/main/model_based/runs/tdmpc2/cartpole_swingup/seed_8_20260415-165520
tdmpc2,cartpole_swingup,8,act_0.7,10,37.0352432406281,15.696630292026502,6,nan,runs/main/model_based/runs/tdmpc2/cartpole_swingup/seed_8_20260415-165520/checkpoints/checkpoint_100000.pt,runs/main/model_based/runs/tdmpc2/cartpole_swingup/seed_8_20260415-165520
tdmpc2,cartpole_swingup,8,act_1.3,10,48.426422908582616,17.55018625029202,6,nan,runs/main/model_based/runs/tdmpc2/cartpole_swingup/seed_8_20260415-165520/checkpoints/checkpoint_100000.pt,runs/main/model_based/runs/tdmpc2/cartpole_swingup/seed_8_20260415-165520
tdmpc2,reacher_easy,9,id,10,90.9,88.3826340408567,6,nan,runs/main/model_based/runs/tdmpc2/reacher_easy/seed_9_20260415-214409/checkpoints/checkpoint_100000.pt,runs/main/model_based/runs/tdmpc2/reacher_easy/seed_9_20260415-214409
tdmpc2,reacher_easy,9,mass_0.7,10,90.6,88.7639566490814,6,nan,runs/main/model_based/runs/tdmpc2/reacher_easy/seed_9_20260415-214409/checkpoints/checkpoint_100000.pt,runs/main/model_based/runs/tdmpc2/reacher_easy/seed_9_20260415-214409
tdmpc2,reacher_easy,9,mass_1.3,10,75.6,86.4953177923522,6,nan,runs/main/model_based/runs/tdmpc2/reacher_easy/seed_9_20260415-214409/checkpoints/checkpoint_100000.pt,runs/main/model_based/runs/tdmpc2/reacher_easy/seed_9_20260415-214409
tdmpc2,reacher_easy,9,damp_0.5,10,70.7,86.17662095951547,6,nan,runs/main/model_based/runs/tdmpc2/reacher_easy/seed_9_20260415-214409/checkpoints/checkpoint_100000.pt,runs/main/model_based/runs/tdmpc2/reacher_easy/seed_9_20260415-214409
tdmpc2,reacher_easy,9,damp_2.0,10,90.8,85.78671225778501,6,nan,runs/main/model_based/runs/tdmpc2/reacher_easy/seed_9_20260415-214409/checkpoints/checkpoint_100000.pt,runs/main/model_based/runs/tdmpc2/reacher_easy/seed_9_20260415-214409
tdmpc2,reacher_easy,9,act_0.7,10,92.0,87.88970360628144,6,nan,runs/main/model_based/runs/tdmpc2/reacher_easy/seed_9_20260415-214409/checkpoints/checkpoint_100000.pt,runs/main/model_based/runs/tdmpc2/reacher_easy/seed_9_20260415-214409
tdmpc2,reacher_easy,9,act_1.3,10,90.9,89.83590596192595,6,nan,runs/main/model_based/runs/tdmpc2/reacher_easy/seed_9_20260415-214409/checkpoints/checkpoint_100000.pt,runs/main/model_based/runs/tdmpc2/reacher_easy/seed_9_20260415-214409
tdmpc2,finger_spin,9,id,10,244.0,12.296340919151518,6,nan,runs/main/model_based/runs/tdmpc2/finger_spin/seed_9_20260415-214736/checkpoints/checkpoint_100000.pt,runs/main/model_based/runs/tdmpc2/finger_spin/seed_9_20260415-214736
tdmpc2,finger_spin,9,fric_0.5,10,243.4,9.951884243699784,6,nan,runs/main/model_based/runs/tdmpc2/finger_spin/seed_9_20260415-214736/checkpoints/checkpoint_100000.pt,runs/main/model_based/runs/tdmpc2/finger_spin/seed_9_20260415-214736
tdmpc2,finger_spin,9,fric_1.5,10,246.7,12.02538980657176,6,nan,runs/main/model_based/runs/tdmpc2/finger_spin/seed_9_20260415-214736/checkpoints/checkpoint_100000.pt,runs/main/model_based/runs/tdmpc2/finger_spin/seed_9_20260415-214736
tdmpc2,finger_spin,9,mass_1.3,10,232.3,10.188719252192593,6,nan,runs/main/model_based/runs/tdmpc2/finger_spin/seed_9_20260415-214736/checkpoints/checkpoint_100000.pt,runs/main/model_based/runs/tdmpc2/finger_spin/seed_9_20260415-214736
tdmpc2,finger_spin,9,mass_1.5,10,204.3,10.070253224224304,6,nan,runs/main/model_based/runs/tdmpc2/finger_spin/seed_9_20260415-214736/checkpoints/checkpoint_100000.pt,runs/main/model_based/runs/tdmpc2/finger_spin/seed_9_20260415-214736
tdmpc2,finger_spin,9,delay_2,10,44.6,20.785571919001892,6,nan,runs/main/model_based/runs/tdmpc2/finger_spin/seed_9_20260415-214736/checkpoints/checkpoint_100000.pt,runs/main/model_based/runs/tdmpc2/finger_spin/seed_9_20260415-214736
tdmpc2,cheetah_run,9,id,10,183.93064166810618,10.511562745321028,6,nan,runs/main/model_based/runs/tdmpc2/cheetah_run/seed_9_20260415-214900/checkpoints/checkpoint_100000.pt,runs/main/model_based/runs/tdmpc2/cheetah_run/seed_9_20260415-214900
tdmpc2,cheetah_run,9,mass_0.7,10,129.82966808981368,7.684915737018473,6,nan,runs/main/model_based/runs/tdmpc2/cheetah_run/seed_9_20260415-214900/checkpoints/checkpoint_100000.pt,runs/main/model_based/runs/tdmpc2/cheetah_run/seed_9_20260415-214900
tdmpc2,finger_spin,9,mask_30,10,89.0,20.57668583615933,6,nan,runs/main/model_based/runs/tdmpc2/finger_spin/seed_9_20260415-214736/checkpoints/checkpoint_100000.pt,runs/main/model_based/runs/tdmpc2/finger_spin/seed_9_20260415-214736
tdmpc2,cheetah_run,9,mass_1.3,10,212.71018723288051,4.643538570315591,6,nan,runs/main/model_based/runs/tdmpc2/cheetah_run/seed_9_20260415-214900/checkpoints/checkpoint_100000.pt,runs/main/model_based/runs/tdmpc2/cheetah_run/seed_9_20260415-214900
tdmpc2,cheetah_run,9,damp_0.5,10,147.17589192567885,45.30455443898858,6,nan,runs/main/model_based/runs/tdmpc2/cheetah_run/seed_9_20260415-214900/checkpoints/checkpoint_100000.pt,runs/main/model_based/runs/tdmpc2/cheetah_run/seed_9_20260415-214900
tdmpc2,cheetah_run,9,damp_2.0,10,158.5115947121559,5.503309429694538,6,nan,runs/main/model_based/runs/tdmpc2/cheetah_run/seed_9_20260415-214900/checkpoints/checkpoint_100000.pt,runs/main/model_based/runs/tdmpc2/cheetah_run/seed_9_20260415-214900
tdmpc2,cheetah_run,9,act_0.7,10,155.2313767727454,8.408353063590779,6,nan,runs/main/model_based/runs/tdmpc2/cheetah_run/seed_9_20260415-214900/checkpoints/checkpoint_100000.pt,runs/main/model_based/runs/tdmpc2/cheetah_run/seed_9_20260415-214900
tdmpc2,cheetah_run,9,act_1.3,10,197.8827858897005,11.148502125768037,6,nan,runs/main/model_based/runs/tdmpc2/cheetah_run/seed_9_20260415-214900/checkpoints/checkpoint_100000.pt,runs/main/model_based/runs/tdmpc2/cheetah_run/seed_9_20260415-214900
tdmpc2,cartpole_swingup,9,id,10,0.7794688037167341,0.040140823605951094,6,nan,runs/main/model_based/runs/tdmpc2/cartpole_swingup/seed_9_20260415-215025/checkpoints/checkpoint_100000.pt,runs/main/model_based/runs/tdmpc2/cartpole_swingup/seed_9_20260415-215025
tdmpc2,cartpole_swingup,9,mass_0.7,10,0.6970185682362466,0.04565107238149678,6,nan,runs/main/model_based/runs/tdmpc2/cartpole_swingup/seed_9_20260415-215025/checkpoints/checkpoint_100000.pt,runs/main/model_based/runs/tdmpc2/cartpole_swingup/seed_9_20260415-215025
tdmpc2,cartpole_swingup,9,mass_1.3,10,0.8157983486181202,0.04663307324055873,6,nan,runs/main/model_based/runs/tdmpc2/cartpole_swingup/seed_9_20260415-215025/checkpoints/checkpoint_100000.pt,runs/main/model_based/runs/tdmpc2/cartpole_swingup/seed_9_20260415-215025
tdmpc2,cartpole_swingup,9,damp_0.5,10,0.7659506124144708,0.06794764160371095,6,nan,runs/main/model_based/runs/tdmpc2/cartpole_swingup/seed_9_20260415-215025/checkpoints/checkpoint_100000.pt,runs/main/model_based/runs/tdmpc2/cartpole_swingup/seed_9_20260415-215025
tdmpc2,cartpole_swingup,9,damp_2.0,10,0.7552895178251926,0.03531466748599555,6,nan,runs/main/model_based/runs/tdmpc2/cartpole_swingup/seed_9_20260415-215025/checkpoints/checkpoint_100000.pt,runs/main/model_based/runs/tdmpc2/cartpole_swingup/seed_9_20260415-215025
dreamerv3,reacher_easy,7,id,10,7.8,14.204224723651764,6,nan,runs/main/model_based/runs/dreamerv3/reacher_easy/seed_7_20260415-144740/checkpoints/checkpoint_100000.pt,runs/main/model_based/runs/dreamerv3/reacher_easy/seed_7_20260415-144740
tdmpc2,cartpole_swingup,9,act_0.7,10,0.9038518109589472,0.057763625038695206,6,nan,runs/main/model_based/runs/tdmpc2/cartpole_swingup/seed_9_20260415-215025/checkpoints/checkpoint_100000.pt,runs/main/model_based/runs/tdmpc2/cartpole_swingup/seed_9_20260415-215025
tdmpc2,cartpole_swingup,9,act_1.3,10,0.723147655821192,0.027725088835524353,6,nan,runs/main/model_based/runs/tdmpc2/cartpole_swingup/seed_9_20260415-215025/checkpoints/checkpoint_100000.pt,runs/main/model_based/runs/tdmpc2/cartpole_swingup/seed_9_20260415-215025
dreamerv3,reacher_easy,7,mass_0.7,10,7.3,13.675159962501354,6,nan,runs/main/model_based/runs/dreamerv3/reacher_easy/seed_7_20260415-144740/checkpoints/checkpoint_100000.pt,runs/main/model_based/runs/dreamerv3/reacher_easy/seed_7_20260415-144740
dreamerv3,reacher_easy,7,mass_1.3,10,7.7,14.220056258679147,6,nan,runs/main/model_based/runs/dreamerv3/reacher_easy/seed_7_20260415-144740/checkpoints/checkpoint_100000.pt,runs/main/model_based/runs/dreamerv3/reacher_easy/seed_7_20260415-144740
dreamerv3,reacher_easy,7,damp_0.5,10,7.5,16.871573726241426,6,nan,runs/main/model_based/runs/dreamerv3/reacher_easy/seed_7_20260415-144740/checkpoints/checkpoint_100000.pt,runs/main/model_based/runs/dreamerv3/reacher_easy/seed_7_20260415-144740
dreamerv3,reacher_easy,7,damp_2.0,10,11.3,17.355402617052707,6,nan,runs/main/model_based/runs/dreamerv3/reacher_easy/seed_7_20260415-144740/checkpoints/checkpoint_100000.pt,runs/main/model_based/runs/dreamerv3/reacher_easy/seed_7_20260415-144740
dreamerv3,reacher_easy,7,act_0.7,10,8.3,12.853404218338424,6,nan,runs/main/model_based/runs/dreamerv3/reacher_easy/seed_7_20260415-144740/checkpoints/checkpoint_100000.pt,runs/main/model_based/runs/dreamerv3/reacher_easy/seed_7_20260415-144740
dreamerv3,reacher_easy,7,act_1.3,10,7.3,14.97364351118324,6,nan,runs/main/model_based/runs/dreamerv3/reacher_easy/seed_7_20260415-144740/checkpoints/checkpoint_100000.pt,runs/main/model_based/runs/dreamerv3/reacher_easy/seed_7_20260415-144740
dreamerv3,finger_spin,7,id,10,0.0,0.0,6,nan,runs/main/model_based/runs/dreamerv3/finger_spin/seed_7_20260415-144740/checkpoints/checkpoint_100000.pt,runs/main/model_based/runs/dreamerv3/finger_spin/seed_7_20260415-144740
dreamerv3,finger_spin,7,fric_0.5,10,0.0,0.0,6,nan,runs/main/model_based/runs/dreamerv3/finger_spin/seed_7_20260415-144740/checkpoints/checkpoint_100000.pt,runs/main/model_based/runs/dreamerv3/finger_spin/seed_7_20260415-144740
dreamerv3,finger_spin,7,fric_1.5,10,0.0,0.0,6,nan,runs/main/model_based/runs/dreamerv3/finger_spin/seed_7_20260415-144740/checkpoints/checkpoint_100000.pt,runs/main/model_based/runs/dreamerv3/finger_spin/seed_7_20260415-144740
dreamerv3,finger_spin,7,mass_1.3,10,0.0,0.0,6,nan,runs/main/model_based/runs/dreamerv3/finger_spin/seed_7_20260415-144740/checkpoints/checkpoint_100000.pt,runs/main/model_based/runs/dreamerv3/finger_spin/seed_7_20260415-144740
dreamerv3,finger_spin,7,mass_1.5,10,0.0,0.0,6,nan,runs/main/model_based/runs/dreamerv3/finger_spin/seed_7_20260415-144740/checkpoints/checkpoint_100000.pt,runs/main/model_based/runs/dreamerv3/finger_spin/seed_7_20260415-144740
dreamerv3,finger_spin,7,delay_2,10,0.0,0.0,6,nan,runs/main/model_based/runs/dreamerv3/finger_spin/seed_7_20260415-144740/checkpoints/checkpoint_100000.pt,runs/main/model_based/runs/dreamerv3/finger_spin/seed_7_20260415-144740
dreamerv3,finger_spin,7,mask_30,10,0.0,0.0,6,nan,runs/main/model_based/runs/dreamerv3/finger_spin/seed_7_20260415-144740/checkpoints/checkpoint_100000.pt,runs/main/model_based/runs/dreamerv3/finger_spin/seed_7_20260415-144740
dreamerv3,cheetah_run,7,id,10,224.70219716086027,20.038532742533217,6,nan,runs/main/model_based/runs/dreamerv3/cheetah_run/seed_7_20260415-144741/checkpoints/checkpoint_100000.pt,runs/main/model_based/runs/dreamerv3/cheetah_run/seed_7_20260415-144741
dreamerv3,cheetah_run,7,mass_0.7,10,117.00516651451395,34.465425222019036,6,nan,runs/main/model_based/runs/dreamerv3/cheetah_run/seed_7_20260415-144741/checkpoints/checkpoint_100000.pt,runs/main/model_based/runs/dreamerv3/cheetah_run/seed_7_20260415-144741
dreamerv3,cheetah_run,7,mass_1.3,10,241.2131800651724,21.103386808405705,6,nan,runs/main/model_based/runs/dreamerv3/cheetah_run/seed_7_20260415-144741/checkpoints/checkpoint_100000.pt,runs/main/model_based/runs/dreamerv3/cheetah_run/seed_7_20260415-144741
dreamerv3,cheetah_run,7,damp_0.5,10,130.1639771024557,50.96442402875201,6,nan,runs/main/model_based/runs/dreamerv3/cheetah_run/seed_7_20260415-144741/checkpoints/checkpoint_100000.pt,runs/main/model_based/runs/dreamerv3/cheetah_run/seed_7_20260415-144741
dreamerv3,cheetah_run,7,damp_2.0,10,173.6809534994283,7.515605377896287,6,nan,runs/main/model_based/runs/dreamerv3/cheetah_run/seed_7_20260415-144741/checkpoints/checkpoint_100000.pt,runs/main/model_based/runs/dreamerv3/cheetah_run/seed_7_20260415-144741
dreamerv3,cheetah_run,7,act_0.7,10,168.12485913189445,14.393722155069279,6,nan,runs/main/model_based/runs/dreamerv3/cheetah_run/seed_7_20260415-144741/checkpoints/checkpoint_100000.pt,runs/main/model_based/runs/dreamerv3/cheetah_run/seed_7_20260415-144741
dreamerv3,cheetah_run,7,act_1.3,10,148.05939667169133,55.701067785928394,6,nan,runs/main/model_based/runs/dreamerv3/cheetah_run/seed_7_20260415-144741/checkpoints/checkpoint_100000.pt,runs/main/model_based/runs/dreamerv3/cheetah_run/seed_7_20260415-144741
dreamerv3,cartpole_swingup,7,id,10,56.581223542708095,1.6556427708814085,6,nan,runs/main/model_based/runs/dreamerv3/cartpole_swingup/seed_7_20260415-144742/checkpoints/checkpoint_100000.pt,runs/main/model_based/runs/dreamerv3/cartpole_swingup/seed_7_20260415-144742
dreamerv3,cartpole_swingup,7,mass_0.7,10,34.12409083290733,1.7344925043964212,6,nan,runs/main/model_based/runs/dreamerv3/cartpole_swingup/seed_7_20260415-144742/checkpoints/checkpoint_100000.pt,runs/main/model_based/runs/dreamerv3/cartpole_swingup/seed_7_20260415-144742
dreamerv3,cartpole_swingup,7,mass_1.3,10,56.13935689564859,1.0449720092915815,6,nan,runs/main/model_based/runs/dreamerv3/cartpole_swingup/seed_7_20260415-144742/checkpoints/checkpoint_100000.pt,runs/main/model_based/runs/dreamerv3/cartpole_swingup/seed_7_20260415-144742
dreamerv3,cartpole_swingup,7,damp_0.5,10,55.91404158981885,1.3137674610373982,6,nan,runs/main/model_based/runs/dreamerv3/cartpole_swingup/seed_7_20260415-144742/checkpoints/checkpoint_100000.pt,runs/main/model_based/runs/dreamerv3/cartpole_swingup/seed_7_20260415-144742
dreamerv3,cartpole_swingup,7,damp_2.0,10,55.641128468143165,1.4937211248728193,6,nan,runs/main/model_based/runs/dreamerv3/cartpole_swingup/seed_7_20260415-144742/checkpoints/checkpoint_100000.pt,runs/main/model_based/runs/dreamerv3/cartpole_swingup/seed_7_20260415-144742
dreamerv3,cartpole_swingup,7,act_0.7,10,55.50858942316023,0.5265768557193087,6,nan,runs/main/model_based/runs/dreamerv3/cartpole_swingup/seed_7_20260415-144742/checkpoints/checkpoint_100000.pt,runs/main/model_based/runs/dreamerv3/cartpole_swingup/seed_7_20260415-144742
dreamerv3,cartpole_swingup,7,act_1.3,10,36.9523093144953,3.566085534135273,6,nan,runs/main/model_based/runs/dreamerv3/cartpole_swingup/seed_7_20260415-144742/checkpoints/checkpoint_100000.pt,runs/main/model_based/runs/dreamerv3/cartpole_swingup/seed_7_20260415-144742
dreamerv3,reacher_easy,8,id,10,14.9,22.411827234743715,6,nan,runs/main/model_based/runs/dreamerv3/reacher_easy/seed_8_20260415-181246/checkpoints/checkpoint_100000.pt,runs/main/model_based/runs/dreamerv3/reacher_easy/seed_8_20260415-181246
dreamerv3,reacher_easy,8,mass_0.7,10,12.6,17.511139311878026,6,nan,runs/main/model_based/runs/dreamerv3/reacher_easy/seed_8_20260415-181246/checkpoints/checkpoint_100000.pt,runs/main/model_based/runs/dreamerv3/reacher_easy/seed_8_20260415-181246
dreamerv3,reacher_easy,8,mass_1.3,10,19.4,25.81937257177254,6,nan,runs/main/model_based/runs/dreamerv3/reacher_easy/seed_8_20260415-181246/checkpoints/checkpoint_100000.pt,runs/main/model_based/runs/dreamerv3/reacher_easy/seed_8_20260415-181246
dreamerv3,reacher_easy,8,damp_0.5,10,12.3,7.184010022264724,6,nan,runs/main/model_based/runs/dreamerv3/reacher_easy/seed_8_20260415-181246/checkpoints/checkpoint_100000.pt,runs/main/model_based/runs/dreamerv3/reacher_easy/seed_8_20260415-181246
dreamerv3,reacher_easy,8,damp_2.0,10,10.1,20.32461561752153,6,nan,runs/main/model_based/runs/dreamerv3/reacher_easy/seed_8_20260415-181246/checkpoints/checkpoint_100000.pt,runs/main/model_based/runs/dreamerv3/reacher_easy/seed_8_20260415-181246
dreamerv3,reacher_easy,8,act_0.7,10,15.5,23.812811677750275,6,nan,runs/main/model_based/runs/dreamerv3/reacher_easy/seed_8_20260415-181246/checkpoints/checkpoint_100000.pt,runs/main/model_based/runs/dreamerv3/reacher_easy/seed_8_20260415-181246
dreamerv3,reacher_easy,8,act_1.3,10,14.5,18.266088798645427,6,nan,runs/main/model_based/runs/dreamerv3/reacher_easy/seed_8_20260415-181246/checkpoints/checkpoint_100000.pt,runs/main/model_based/runs/dreamerv3/reacher_easy/seed_8_20260415-181246
dreamerv3,finger_spin,8,id,10,219.7,4.337049688440287,6,nan,runs/main/model_based/runs/dreamerv3/finger_spin/seed_8_20260415-181336/checkpoints/checkpoint_100000.pt,runs/main/model_based/runs/dreamerv3/finger_spin/seed_8_20260415-181336
dreamerv3,finger_spin,8,fric_1.5,10,226.2,5.418486873657627,6,nan,runs/main/model_based/runs/dreamerv3/finger_spin/seed_8_20260415-181336/checkpoints/checkpoint_100000.pt,runs/main/model_based/runs/dreamerv3/finger_spin/seed_8_20260415-181336
dreamerv3,finger_spin,8,fric_0.5,10,195.1,16.949631264425786,6,nan,runs/main/model_based/runs/dreamerv3/finger_spin/seed_8_20260415-181336/checkpoints/checkpoint_100000.pt,runs/main/model_based/runs/dreamerv3/finger_spin/seed_8_20260415-181336
dreamerv3,finger_spin,8,mass_1.3,10,179.0,11.233877335986895,6,nan,runs/main/model_based/runs/dreamerv3/finger_spin/seed_8_20260415-181336/checkpoints/checkpoint_100000.pt,runs/main/model_based/runs/dreamerv3/finger_spin/seed_8_20260415-181336
dreamerv3,finger_spin,8,mass_1.5,10,176.2,20.951372270092477,6,nan,runs/main/model_based/runs/dreamerv3/finger_spin/seed_8_20260415-181336/checkpoints/checkpoint_100000.pt,runs/main/model_based/runs/dreamerv3/finger_spin/seed_8_20260415-181336
dreamerv3,finger_spin,8,delay_2,10,78.6,17.596590578859303,6,nan,runs/main/model_based/runs/dreamerv3/finger_spin/seed_8_20260415-181336/checkpoints/checkpoint_100000.pt,runs/main/model_based/runs/dreamerv3/finger_spin/seed_8_20260415-181336
dreamerv3,finger_spin,8,mask_30,10,137.7,23.853930493736247,6,nan,runs/main/model_based/runs/dreamerv3/finger_spin/seed_8_20260415-181336/checkpoints/checkpoint_100000.pt,runs/main/model_based/runs/dreamerv3/finger_spin/seed_8_20260415-181336
dreamerv3,cheetah_run,8,id,10,192.21572550631572,20.86495180032669,6,nan,runs/main/model_based/runs/dreamerv3/cheetah_run/seed_8_20260415-182010/checkpoints/checkpoint_100000.pt,runs/main/model_based/runs/dreamerv3/cheetah_run/seed_8_20260415-182010
dreamerv3,cheetah_run,8,mass_0.7,10,110.82445267462936,31.74941049371149,6,nan,runs/main/model_based/runs/dreamerv3/cheetah_run/seed_8_20260415-182010/checkpoints/checkpoint_100000.pt,runs/main/model_based/runs/dreamerv3/cheetah_run/seed_8_20260415-182010
dreamerv3,cheetah_run,8,mass_1.3,10,224.69736188076996,18.260361909476227,6,nan,runs/main/model_based/runs/dreamerv3/cheetah_run/seed_8_20260415-182010/checkpoints/checkpoint_100000.pt,runs/main/model_based/runs/dreamerv3/cheetah_run/seed_8_20260415-182010
dreamerv3,cheetah_run,8,damp_0.5,10,127.96204803687768,54.56645942042275,6,nan,runs/main/model_based/runs/dreamerv3/cheetah_run/seed_8_20260415-182010/checkpoints/checkpoint_100000.pt,runs/main/model_based/runs/dreamerv3/cheetah_run/seed_8_20260415-182010
dreamerv3,cheetah_run,8,damp_2.0,10,136.0637669586086,13.28513564697827,6,nan,runs/main/model_based/runs/dreamerv3/cheetah_run/seed_8_20260415-182010/checkpoints/checkpoint_100000.pt,runs/main/model_based/runs/dreamerv3/cheetah_run/seed_8_20260415-182010
dreamerv3,cheetah_run,8,act_0.7,10,124.05233845538564,23.12616174614651,6,nan,runs/main/model_based/runs/dreamerv3/cheetah_run/seed_8_20260415-182010/checkpoints/checkpoint_100000.pt,runs/main/model_based/runs/dreamerv3/cheetah_run/seed_8_20260415-182010
dreamerv3,cartpole_swingup,8,id,10,56.14246744883691,0.9851426316037373,6,nan,runs/main/model_based/runs/dreamerv3/cartpole_swingup/seed_8_20260415-182153/checkpoints/checkpoint_100000.pt,runs/main/model_based/runs/dreamerv3/cartpole_swingup/seed_8_20260415-182153
dreamerv3,cheetah_run,8,act_1.3,10,168.61209044973165,39.773435856342836,6,nan,runs/main/model_based/runs/dreamerv3/cheetah_run/seed_8_20260415-182010/checkpoints/checkpoint_100000.pt,runs/main/model_based/runs/dreamerv3/cheetah_run/seed_8_20260415-182010
dreamerv3,cartpole_swingup,8,mass_0.7,10,63.21699900131728,2.0308713500649413,6,nan,runs/main/model_based/runs/dreamerv3/cartpole_swingup/seed_8_20260415-182153/checkpoints/checkpoint_100000.pt,runs/main/model_based/runs/dreamerv3/cartpole_swingup/seed_8_20260415-182153
dreamerv3,cartpole_swingup,8,mass_1.3,10,49.61464593070727,1.1929606074837138,6,nan,runs/main/model_based/runs/dreamerv3/cartpole_swingup/seed_8_20260415-182153/checkpoints/checkpoint_100000.pt,runs/main/model_based/runs/dreamerv3/cartpole_swingup/seed_8_20260415-182153
dreamerv3,cartpole_swingup,8,damp_0.5,10,56.79120566218201,0.7816365735991858,6,nan,runs/main/model_based/runs/dreamerv3/cartpole_swingup/seed_8_20260415-182153/checkpoints/checkpoint_100000.pt,runs/main/model_based/runs/dreamerv3/cartpole_swingup/seed_8_20260415-182153
dreamerv3,cartpole_swingup,8,damp_2.0,10,56.27577999555247,1.145988849335836,6,nan,runs/main/model_based/runs/dreamerv3/cartpole_swingup/seed_8_20260415-182153/checkpoints/checkpoint_100000.pt,runs/main/model_based/runs/dreamerv3/cartpole_swingup/seed_8_20260415-182153
dreamerv3,cartpole_swingup,8,act_0.7,10,48.620359112117484,1.0681479614678089,6,nan,runs/main/model_based/runs/dreamerv3/cartpole_swingup/seed_8_20260415-182153/checkpoints/checkpoint_100000.pt,runs/main/model_based/runs/dreamerv3/cartpole_swingup/seed_8_20260415-182153
dreamerv3,cartpole_swingup,8,act_1.3,10,61.67218538902572,1.7391854455957176,6,nan,runs/main/model_based/runs/dreamerv3/cartpole_swingup/seed_8_20260415-182153/checkpoints/checkpoint_100000.pt,runs/main/model_based/runs/dreamerv3/cartpole_swingup/seed_8_20260415-182153
dreamerv3,reacher_easy,9,id,10,6.1,9.08240056372763,6,nan,runs/main/model_based/runs/dreamerv3/reacher_easy/seed_9_20260415-233628/checkpoints/checkpoint_100000.pt,runs/main/model_based/runs/dreamerv3/reacher_easy/seed_9_20260415-233628
dreamerv3,reacher_easy,9,mass_0.7,10,6.2,10.43839068055991,6,nan,runs/main/model_based/runs/dreamerv3/reacher_easy/seed_9_20260415-233628/checkpoints/checkpoint_100000.pt,runs/main/model_based/runs/dreamerv3/reacher_easy/seed_9_20260415-233628
dreamerv3,reacher_easy,9,mass_1.3,10,7.0,10.639548862616309,6,nan,runs/main/model_based/runs/dreamerv3/reacher_easy/seed_9_20260415-233628/checkpoints/checkpoint_100000.pt,runs/main/model_based/runs/dreamerv3/reacher_easy/seed_9_20260415-233628
dreamerv3,reacher_easy,9,damp_0.5,10,8.2,12.319090875547595,6,nan,runs/main/model_based/runs/dreamerv3/reacher_easy/seed_9_20260415-233628/checkpoints/checkpoint_100000.pt,runs/main/model_based/runs/dreamerv3/reacher_easy/seed_9_20260415-233628
dreamerv3,reacher_easy,9,damp_2.0,10,2.9,5.906775770248943,6,nan,runs/main/model_based/runs/dreamerv3/reacher_easy/seed_9_20260415-233628/checkpoints/checkpoint_100000.pt,runs/main/model_based/runs/dreamerv3/reacher_easy/seed_9_20260415-233628
dreamerv3,reacher_easy,9,act_0.7,10,2.8,5.758472019555186,6,nan,runs/main/model_based/runs/dreamerv3/reacher_easy/seed_9_20260415-233628/checkpoints/checkpoint_100000.pt,runs/main/model_based/runs/dreamerv3/reacher_easy/seed_9_20260415-233628
dreamerv3,reacher_easy,9,act_1.3,10,6.5,11.430223094935636,6,nan,runs/main/model_based/runs/dreamerv3/reacher_easy/seed_9_20260415-233628/checkpoints/checkpoint_100000.pt,runs/main/model_based/runs/dreamerv3/reacher_easy/seed_9_20260415-233628
dreamerv3,finger_spin,9,id,10,0.0,0.0,6,nan,runs/main/model_based/runs/dreamerv3/finger_spin/seed_9_20260415-234243/checkpoints/checkpoint_100000.pt,runs/main/model_based/runs/dreamerv3/finger_spin/seed_9_20260415-234243
dreamerv3,finger_spin,9,fric_0.5,10,0.0,0.0,6,nan,runs/main/model_based/runs/dreamerv3/finger_spin/seed_9_20260415-234243/checkpoints/checkpoint_100000.pt,runs/main/model_based/runs/dreamerv3/finger_spin/seed_9_20260415-234243
dreamerv3,finger_spin,9,fric_1.5,10,0.0,0.0,6,nan,runs/main/model_based/runs/dreamerv3/finger_spin/seed_9_20260415-234243/checkpoints/checkpoint_100000.pt,runs/main/model_based/runs/dreamerv3/finger_spin/seed_9_20260415-234243
dreamerv3,finger_spin,9,mass_1.3,10,0.0,0.0,6,nan,runs/main/model_based/runs/dreamerv3/finger_spin/seed_9_20260415-234243/checkpoints/checkpoint_100000.pt,runs/main/model_based/runs/dreamerv3/finger_spin/seed_9_20260415-234243
dreamerv3,finger_spin,9,mass_1.5,10,0.0,0.0,6,nan,runs/main/model_based/runs/dreamerv3/finger_spin/seed_9_20260415-234243/checkpoints/checkpoint_100000.pt,runs/main/model_based/runs/dreamerv3/finger_spin/seed_9_20260415-234243
dreamerv3,finger_spin,9,delay_2,10,0.0,0.0,6,nan,runs/main/model_based/runs/dreamerv3/finger_spin/seed_9_20260415-234243/checkpoints/checkpoint_100000.pt,runs/main/model_based/runs/dreamerv3/finger_spin/seed_9_20260415-234243
dreamerv3,cheetah_run,9,id,10,193.10836476888545,52.01315289453206,6,nan,runs/main/model_based/runs/dreamerv3/cheetah_run/seed_9_20260415-234406/checkpoints/checkpoint_100000.pt,runs/main/model_based/runs/dreamerv3/cheetah_run/seed_9_20260415-234406
dreamerv3,finger_spin,9,mask_30,10,0.0,0.0,6,nan,runs/main/model_based/runs/dreamerv3/finger_spin/seed_9_20260415-234243/checkpoints/checkpoint_100000.pt,runs/main/model_based/runs/dreamerv3/finger_spin/seed_9_20260415-234243
dreamerv3,cheetah_run,9,mass_0.7,10,117.73593857319334,29.440767892168342,6,nan,runs/main/model_based/runs/dreamerv3/cheetah_run/seed_9_20260415-234406/checkpoints/checkpoint_100000.pt,runs/main/model_based/runs/dreamerv3/cheetah_run/seed_9_20260415-234406
dreamerv3,cheetah_run,9,mass_1.3,10,276.36132287755987,14.337300046558468,6,nan,runs/main/model_based/runs/dreamerv3/cheetah_run/seed_9_20260415-234406/checkpoints/checkpoint_100000.pt,runs/main/model_based/runs/dreamerv3/cheetah_run/seed_9_20260415-234406
dreamerv3,cheetah_run,9,damp_0.5,10,145.30621005015155,33.57895029758201,6,nan,runs/main/model_based/runs/dreamerv3/cheetah_run/seed_9_20260415-234406/checkpoints/checkpoint_100000.pt,runs/main/model_based/runs/dreamerv3/cheetah_run/seed_9_20260415-234406
dreamerv3,cheetah_run,9,damp_2.0,10,128.9227544289698,12.462277682591465,6,nan,runs/main/model_based/runs/dreamerv3/cheetah_run/seed_9_20260415-234406/checkpoints/checkpoint_100000.pt,runs/main/model_based/runs/dreamerv3/cheetah_run/seed_9_20260415-234406
dreamerv3,cheetah_run,9,act_0.7,10,135.2710048304898,23.125650603245766,6,nan,runs/main/model_based/runs/dreamerv3/cheetah_run/seed_9_20260415-234406/checkpoints/checkpoint_100000.pt,runs/main/model_based/runs/dreamerv3/cheetah_run/seed_9_20260415-234406
dreamerv3,cheetah_run,9,act_1.3,10,155.72545291215312,41.78961569019677,6,nan,runs/main/model_based/runs/dreamerv3/cheetah_run/seed_9_20260415-234406/checkpoints/checkpoint_100000.pt,runs/main/model_based/runs/dreamerv3/cheetah_run/seed_9_20260415-234406
dreamerv3,cartpole_swingup,9,id,10,55.20803127755344,0.7017632941934052,6,nan,runs/main/model_based/runs/dreamerv3/cartpole_swingup/seed_9_20260415-234845/checkpoints/checkpoint_100000.pt,runs/main/model_based/runs/dreamerv3/cartpole_swingup/seed_9_20260415-234845
dreamerv3,cartpole_swingup,9,mass_0.7,10,57.38650596164742,1.1266513334215587,6,nan,runs/main/model_based/runs/dreamerv3/cartpole_swingup/seed_9_20260415-234845/checkpoints/checkpoint_100000.pt,runs/main/model_based/runs/dreamerv3/cartpole_swingup/seed_9_20260415-234845
dreamerv3,cartpole_swingup,9,mass_1.3,10,51.15116763782423,0.5448258660741782,6,nan,runs/main/model_based/runs/dreamerv3/cartpole_swingup/seed_9_20260415-234845/checkpoints/checkpoint_100000.pt,runs/main/model_based/runs/dreamerv3/cartpole_swingup/seed_9_20260415-234845
dreamerv3,cartpole_swingup,9,damp_0.5,10,55.26655233892236,0.6019467557812344,6,nan,runs/main/model_based/runs/dreamerv3/cartpole_swingup/seed_9_20260415-234845/checkpoints/checkpoint_100000.pt,runs/main/model_based/runs/dreamerv3/cartpole_swingup/seed_9_20260415-234845
dreamerv3,cartpole_swingup,9,damp_2.0,10,55.403928700126855,1.086653112807309,6,nan,runs/main/model_based/runs/dreamerv3/cartpole_swingup/seed_9_20260415-234845/checkpoints/checkpoint_100000.pt,runs/main/model_based/runs/dreamerv3/cartpole_swingup/seed_9_20260415-234845
dreamerv3,cartpole_swingup,9,act_0.7,10,48.98190214304784,0.41952129332089744,6,nan,runs/main/model_based/runs/dreamerv3/cartpole_swingup/seed_9_20260415-234845/checkpoints/checkpoint_100000.pt,runs/main/model_based/runs/dreamerv3/cartpole_swingup/seed_9_20260415-234845
dreamerv3,cartpole_swingup,9,act_1.3,10,57.911407709236016,1.0603543264312947,6,nan,runs/main/model_based/runs/dreamerv3/cartpole_swingup/seed_9_20260415-234845/checkpoints/checkpoint_100000.pt,runs/main/model_based/runs/dreamerv3/cartpole_swingup/seed_9_20260415-234845
ppo,reacher_easy,7,id,10,4.1,10.182828683622247,6,nan,runs/main/model_free/runs/ppo/reacher_easy/seed_7_20260428-132757/checkpoints/checkpoint_100000.pt,runs/main/model_free/runs/ppo/reacher_easy/seed_7_20260428-132757
ppo,reacher_easy,7,mass_0.7,10,4.3,10.770793842609745,6,nan,runs/main/model_free/runs/ppo/reacher_easy/seed_7_20260428-132757/checkpoints/checkpoint_100000.pt,runs/main/model_free/runs/ppo/reacher_easy/seed_7_20260428-132757
ppo,reacher_easy,7,mass_1.3,10,4.1,10.182828683622247,6,nan,runs/main/model_free/runs/ppo/reacher_easy/seed_7_20260428-132757/checkpoints/checkpoint_100000.pt,runs/main/model_free/runs/ppo/reacher_easy/seed_7_20260428-132757
ppo,reacher_easy,7,damp_0.5,10,6.0,16.70927885936434,6,nan,runs/main/model_free/runs/ppo/reacher_easy/seed_7_20260428-132757/checkpoints/checkpoint_100000.pt,runs/main/model_free/runs/ppo/reacher_easy/seed_7_20260428-132757
ppo,reacher_easy,7,damp_2.0,10,1.5,4.5,6,nan,runs/main/model_free/runs/ppo/reacher_easy/seed_7_20260428-132757/checkpoints/checkpoint_100000.pt,runs/main/model_free/runs/ppo/reacher_easy/seed_7_20260428-132757
ppo,reacher_easy,7,act_0.7,10,3.9,8.882004278314666,6,nan,runs/main/model_free/runs/ppo/reacher_easy/seed_7_20260428-132757/checkpoints/checkpoint_100000.pt,runs/main/model_free/runs/ppo/reacher_easy/seed_7_20260428-132757
ppo,reacher_easy,7,act_1.3,10,5.0,13.416407864998739,6,nan,runs/main/model_free/runs/ppo/reacher_easy/seed_7_20260428-132757/checkpoints/checkpoint_100000.pt,runs/main/model_free/runs/ppo/reacher_easy/seed_7_20260428-132757
ppo,finger_spin,7,id,10,221.2,17.080983578236943,6,nan,runs/main/model_free/runs/ppo/finger_spin/seed_7_20260428-132757/checkpoints/checkpoint_100000.pt,runs/main/model_free/runs/ppo/finger_spin/seed_7_20260428-132757
ppo,finger_spin,7,fric_0.5,10,202.3,25.203372790164416,6,nan,runs/main/model_free/runs/ppo/finger_spin/seed_7_20260428-132757/checkpoints/checkpoint_100000.pt,runs/main/model_free/runs/ppo/finger_spin/seed_7_20260428-132757
ppo,finger_spin,7,fric_1.5,10,225.9,17.56388339747221,6,nan,runs/main/model_free/runs/ppo/finger_spin/seed_7_20260428-132757/checkpoints/checkpoint_100000.pt,runs/main/model_free/runs/ppo/finger_spin/seed_7_20260428-132757
ppo,finger_spin,7,mass_1.3,10,189.3,14.121260566960727,6,nan,runs/main/model_free/runs/ppo/finger_spin/seed_7_20260428-132757/checkpoints/checkpoint_100000.pt,runs/main/model_free/runs/ppo/finger_spin/seed_7_20260428-132757
ppo,finger_spin,7,mass_1.5,10,174.8,14.878171930717832,6,nan,runs/main/model_free/runs/ppo/finger_spin/seed_7_20260428-132757/checkpoints/checkpoint_100000.pt,runs/main/model_free/runs/ppo/finger_spin/seed_7_20260428-132757
ppo,finger_spin,7,delay_2,10,19.0,20.36663938896155,6,nan,runs/main/model_free/runs/ppo/finger_spin/seed_7_20260428-132757/checkpoints/checkpoint_100000.pt,runs/main/model_free/runs/ppo/finger_spin/seed_7_20260428-132757
ppo,finger_spin,7,mask_30,10,40.5,16.752611736681537,6,nan,runs/main/model_free/runs/ppo/finger_spin/seed_7_20260428-132757/checkpoints/checkpoint_100000.pt,runs/main/model_free/runs/ppo/finger_spin/seed_7_20260428-132757
ppo,cheetah_run,7,id,10,68.53675155979025,10.45154408947707,6,nan,runs/main/model_free/runs/ppo/cheetah_run/seed_7_20260428-132757/checkpoints/checkpoint_100000.pt,runs/main/model_free/runs/ppo/cheetah_run/seed_7_20260428-132757
ppo,cheetah_run,7,mass_0.7,10,54.47357889458071,19.918888429829803,6,nan,runs/main/model_free/runs/ppo/cheetah_run/seed_7_20260428-132757/checkpoints/checkpoint_100000.pt,runs/main/model_free/runs/ppo/cheetah_run/seed_7_20260428-132757
ppo,cheetah_run,7,mass_1.3,10,92.07147723289873,23.07577909836599,6,nan,runs/main/model_free/runs/ppo/cheetah_run/seed_7_20260428-132757/checkpoints/checkpoint_100000.pt,runs/main/model_free/runs/ppo/cheetah_run/seed_7_20260428-132757
ppo,cheetah_run,7,damp_0.5,10,54.40508931742621,16.585912630771976,6,nan,runs/main/model_free/runs/ppo/cheetah_run/seed_7_20260428-132757/checkpoints/checkpoint_100000.pt,runs/main/model_free/runs/ppo/cheetah_run/seed_7_20260428-132757
ppo,cheetah_run,7,damp_2.0,10,21.401301256705892,6.016238048366225,6,nan,runs/main/model_free/runs/ppo/cheetah_run/seed_7_20260428-132757/checkpoints/checkpoint_100000.pt,runs/main/model_free/runs/ppo/cheetah_run/seed_7_20260428-132757
ppo,cheetah_run,7,act_0.7,10,28.8071626499269,5.5193412426789115,6,nan,runs/main/model_free/runs/ppo/cheetah_run/seed_7_20260428-132757/checkpoints/checkpoint_100000.pt,runs/main/model_free/runs/ppo/cheetah_run/seed_7_20260428-132757
ppo,cheetah_run,7,act_1.3,10,61.320977859736594,16.64538703483999,6,nan,runs/main/model_free/runs/ppo/cheetah_run/seed_7_20260428-132757/checkpoints/checkpoint_100000.pt,runs/main/model_free/runs/ppo/cheetah_run/seed_7_20260428-132757
ppo,cartpole_swingup,7,id,10,53.97498484767332,0.6473260792140991,6,nan,runs/main/model_free/runs/ppo/cartpole_swingup/seed_7_20260428-132757/checkpoints/checkpoint_100000.pt,runs/main/model_free/runs/ppo/cartpole_swingup/seed_7_20260428-132757
ppo,cartpole_swingup,7,mass_0.7,10,41.06008614309309,0.823102898447618,6,nan,runs/main/model_free/runs/ppo/cartpole_swingup/seed_7_20260428-132757/checkpoints/checkpoint_100000.pt,runs/main/model_free/runs/ppo/cartpole_swingup/seed_7_20260428-132757
ppo,cartpole_swingup,7,mass_1.3,10,60.956477675820665,0.5339434373150683,6,nan,runs/main/model_free/runs/ppo/cartpole_swingup/seed_7_20260428-132757/checkpoints/checkpoint_100000.pt,runs/main/model_free/runs/ppo/cartpole_swingup/seed_7_20260428-132757
ppo,cartpole_swingup,7,damp_0.5,10,53.96825256665822,0.6474243278996868,6,nan,runs/main/model_free/runs/ppo/cartpole_swingup/seed_7_20260428-132757/checkpoints/checkpoint_100000.pt,runs/main/model_free/runs/ppo/cartpole_swingup/seed_7_20260428-132757
ppo,cartpole_swingup,7,damp_2.0,10,53.98844382491982,0.6471283906508952,6,nan,runs/main/model_free/runs/ppo/cartpole_swingup/seed_7_20260428-132757/checkpoints/checkpoint_100000.pt,runs/main/model_free/runs/ppo/cartpole_swingup/seed_7_20260428-132757
ppo,cartpole_swingup,7,act_0.7,10,60.499053181582326,0.4788759198979047,6,nan,runs/main/model_free/runs/ppo/cartpole_swingup/seed_7_20260428-132757/checkpoints/checkpoint_100000.pt,runs/main/model_free/runs/ppo/cartpole_swingup/seed_7_20260428-132757
ppo,cartpole_swingup,7,act_1.3,10,38.55924221082279,0.1536083763527491,6,nan,runs/main/model_free/runs/ppo/cartpole_swingup/seed_7_20260428-132757/checkpoints/checkpoint_100000.pt,runs/main/model_free/runs/ppo/cartpole_swingup/seed_7_20260428-132757
ppo,reacher_easy,8,id,10,5.7,17.099999999999998,6,nan,runs/main/model_free/runs/ppo/reacher_easy/seed_8_20260428-132756/checkpoints/checkpoint_100000.pt,runs/main/model_free/runs/ppo/reacher_easy/seed_8_20260428-132756
ppo,reacher_easy,8,mass_0.7,10,5.6,16.8,6,nan,runs/main/model_free/runs/ppo/reacher_easy/seed_8_20260428-132756/checkpoints/checkpoint_100000.pt,runs/main/model_free/runs/ppo/reacher_easy/seed_8_20260428-132756
ppo,reacher_easy,8,mass_1.3,10,5.8,17.4,6,nan,runs/main/model_free/runs/ppo/reacher_easy/seed_8_20260428-132756/checkpoints/checkpoint_100000.pt,runs/main/model_free/runs/ppo/reacher_easy/seed_8_20260428-132756
ppo,reacher_easy,8,damp_0.5,10,3.0,9.0,6,nan,runs/main/model_free/runs/ppo/reacher_easy/seed_8_20260428-132756/checkpoints/checkpoint_100000.pt,runs/main/model_free/runs/ppo/reacher_easy/seed_8_20260428-132756
ppo,reacher_easy,8,damp_2.0,10,11.4,34.199999999999996,6,nan,runs/main/model_free/runs/ppo/reacher_easy/seed_8_20260428-132756/checkpoints/checkpoint_100000.pt,runs/main/model_free/runs/ppo/reacher_easy/seed_8_20260428-132756
ppo,reacher_easy,8,act_0.7,10,8.0,24.0,6,nan,runs/main/model_free/runs/ppo/reacher_easy/seed_8_20260428-132756/checkpoints/checkpoint_100000.pt,runs/main/model_free/runs/ppo/reacher_easy/seed_8_20260428-132756
ppo,reacher_easy,8,act_1.3,10,4.4,13.2,6,nan,runs/main/model_free/runs/ppo/reacher_easy/seed_8_20260428-132756/checkpoints/checkpoint_100000.pt,runs/main/model_free/runs/ppo/reacher_easy/seed_8_20260428-132756
ppo,finger_spin,8,id,10,0.0,0.0,6,nan,runs/main/model_free/runs/ppo/finger_spin/seed_8_20260428-132757/checkpoints/checkpoint_100000.pt,runs/main/model_free/runs/ppo/finger_spin/seed_8_20260428-132757
ppo,finger_spin,8,fric_0.5,10,0.0,0.0,6,nan,runs/main/model_free/runs/ppo/finger_spin/seed_8_20260428-132757/checkpoints/checkpoint_100000.pt,runs/main/model_free/runs/ppo/finger_spin/seed_8_20260428-132757
ppo,finger_spin,8,fric_1.5,10,0.0,0.0,6,nan,runs/main/model_free/runs/ppo/finger_spin/seed_8_20260428-132757/checkpoints/checkpoint_100000.pt,runs/main/model_free/runs/ppo/finger_spin/seed_8_20260428-132757
ppo,finger_spin,8,mass_1.3,10,0.0,0.0,6,nan,runs/main/model_free/runs/ppo/finger_spin/seed_8_20260428-132757/checkpoints/checkpoint_100000.pt,runs/main/model_free/runs/ppo/finger_spin/seed_8_20260428-132757
ppo,finger_spin,8,mass_1.5,10,0.0,0.0,6,nan,runs/main/model_free/runs/ppo/finger_spin/seed_8_20260428-132757/checkpoints/checkpoint_100000.pt,runs/main/model_free/runs/ppo/finger_spin/seed_8_20260428-132757
ppo,finger_spin,8,delay_2,10,0.0,0.0,6,nan,runs/main/model_free/runs/ppo/finger_spin/seed_8_20260428-132757/checkpoints/checkpoint_100000.pt,runs/main/model_free/runs/ppo/finger_spin/seed_8_20260428-132757
ppo,cheetah_run,8,id,10,49.452155558804535,17.51389307841425,6,nan,runs/main/model_free/runs/ppo/cheetah_run/seed_8_20260428-133151/checkpoints/checkpoint_100000.pt,runs/main/model_free/runs/ppo/cheetah_run/seed_8_20260428-133151
ppo,finger_spin,8,mask_30,10,0.0,0.0,6,nan,runs/main/model_free/runs/ppo/finger_spin/seed_8_20260428-132757/checkpoints/checkpoint_100000.pt,runs/main/model_free/runs/ppo/finger_spin/seed_8_20260428-132757
ppo,cheetah_run,8,mass_0.7,10,37.19330218498689,12.06391436517793,6,nan,runs/main/model_free/runs/ppo/cheetah_run/seed_8_20260428-133151/checkpoints/checkpoint_100000.pt,runs/main/model_free/runs/ppo/cheetah_run/seed_8_20260428-133151
ppo,cheetah_run,8,mass_1.3,10,88.3824267871262,21.224634812520968,6,nan,runs/main/model_free/runs/ppo/cheetah_run/seed_8_20260428-133151/checkpoints/checkpoint_100000.pt,runs/main/model_free/runs/ppo/cheetah_run/seed_8_20260428-133151
ppo,cheetah_run,8,damp_0.5,10,64.99210661768308,25.603040529294937,6,nan,runs/main/model_free/runs/ppo/cheetah_run/seed_8_20260428-133151/checkpoints/checkpoint_100000.pt,runs/main/model_free/runs/ppo/cheetah_run/seed_8_20260428-133151
ppo,cheetah_run,8,damp_2.0,10,33.0955939093045,7.500527146913809,6,nan,runs/main/model_free/runs/ppo/cheetah_run/seed_8_20260428-133151/checkpoints/checkpoint_100000.pt,runs/main/model_free/runs/ppo/cheetah_run/seed_8_20260428-133151
ppo,cheetah_run,8,act_0.7,10,37.80989118934109,9.96340549429617,6,nan,runs/main/model_free/runs/ppo/cheetah_run/seed_8_20260428-133151/checkpoints/checkpoint_100000.pt,runs/main/model_free/runs/ppo/cheetah_run/seed_8_20260428-133151
ppo,cheetah_run,8,act_1.3,10,35.911492152326204,10.582315634454838,6,nan,runs/main/model_free/runs/ppo/cheetah_run/seed_8_20260428-133151/checkpoints/checkpoint_100000.pt,runs/main/model_free/runs/ppo/cheetah_run/seed_8_20260428-133151
ppo,cartpole_swingup,8,id,10,55.42435650406512,0.498310564695654,6,nan,runs/main/model_free/runs/ppo/cartpole_swingup/seed_8_20260428-133152/checkpoints/checkpoint_100000.pt,runs/main/model_free/runs/ppo/cartpole_swingup/seed_8_20260428-133152
ppo,cartpole_swingup,8,mass_0.7,10,36.92041661895528,0.5408244769828385,6,nan,runs/main/model_free/runs/ppo/cartpole_swingup/seed_8_20260428-133152/checkpoints/checkpoint_100000.pt,runs/main/model_free/runs/ppo/cartpole_swingup/seed_8_20260428-133152
ppo,cartpole_swingup,8,mass_1.3,10,62.67197787028692,0.28842561466054495,6,nan,runs/main/model_free/runs/ppo/cartpole_swingup/seed_8_20260428-133152/checkpoints/checkpoint_100000.pt,runs/main/model_free/runs/ppo/cartpole_swingup/seed_8_20260428-133152
ppo,cartpole_swingup,8,damp_0.5,10,55.41692326031068,0.49836383706791965,6,nan,runs/main/model_free/runs/ppo/cartpole_swingup/seed_8_20260428-133152/checkpoints/checkpoint_100000.pt,runs/main/model_free/runs/ppo/cartpole_swingup/seed_8_20260428-133152
ppo,cartpole_swingup,8,damp_2.0,10,55.439255782482995,0.4982239094884082,6,nan,runs/main/model_free/runs/ppo/cartpole_swingup/seed_8_20260428-133152/checkpoints/checkpoint_100000.pt,runs/main/model_free/runs/ppo/cartpole_swingup/seed_8_20260428-133152
ppo,cartpole_swingup,8,act_0.7,10,60.034747310404065,0.2481196739941851,6,nan,runs/main/model_free/runs/ppo/cartpole_swingup/seed_8_20260428-133152/checkpoints/checkpoint_100000.pt,runs/main/model_free/runs/ppo/cartpole_swingup/seed_8_20260428-133152
ppo,cartpole_swingup,8,act_1.3,10,36.68600125136744,0.05513188259175642,6,nan,runs/main/model_free/runs/ppo/cartpole_swingup/seed_8_20260428-133152/checkpoints/checkpoint_100000.pt,runs/main/model_free/runs/ppo/cartpole_swingup/seed_8_20260428-133152
ppo,reacher_easy,9,id,10,25.5,54.99863634673136,6,nan,runs/main/model_free/runs/ppo/reacher_easy/seed_9_20260428-133545/checkpoints/checkpoint_100000.pt,runs/main/model_free/runs/ppo/reacher_easy/seed_9_20260428-133545
ppo,reacher_easy,9,mass_0.7,10,25.3,54.99463610207817,6,nan,runs/main/model_free/runs/ppo/reacher_easy/seed_9_20260428-133545/checkpoints/checkpoint_100000.pt,runs/main/model_free/runs/ppo/reacher_easy/seed_9_20260428-133545
ppo,reacher_easy,9,mass_1.3,10,25.5,55.05133967488893,6,nan,runs/main/model_free/runs/ppo/reacher_easy/seed_9_20260428-133545/checkpoints/checkpoint_100000.pt,runs/main/model_free/runs/ppo/reacher_easy/seed_9_20260428-133545
ppo,reacher_easy,9,damp_0.5,10,34.9,64.26110798920293,6,nan,runs/main/model_free/runs/ppo/reacher_easy/seed_9_20260428-133545/checkpoints/checkpoint_100000.pt,runs/main/model_free/runs/ppo/reacher_easy/seed_9_20260428-133545
ppo,reacher_easy,9,damp_2.0,10,28.7,53.52018310880485,6,nan,runs/main/model_free/runs/ppo/reacher_easy/seed_9_20260428-133545/checkpoints/checkpoint_100000.pt,runs/main/model_free/runs/ppo/reacher_easy/seed_9_20260428-133545
ppo,reacher_easy,9,act_0.7,10,26.2,54.304327636018115,6,nan,runs/main/model_free/runs/ppo/reacher_easy/seed_9_20260428-133545/checkpoints/checkpoint_100000.pt,runs/main/model_free/runs/ppo/reacher_easy/seed_9_20260428-133545
ppo,reacher_easy,9,act_1.3,10,29.4,56.856310115940516,6,nan,runs/main/model_free/runs/ppo/reacher_easy/seed_9_20260428-133545/checkpoints/checkpoint_100000.pt,runs/main/model_free/runs/ppo/reacher_easy/seed_9_20260428-133545
ppo,finger_spin,9,id,10,0.0,0.0,6,nan,runs/main/model_free/runs/ppo/finger_spin/seed_9_20260428-133628/checkpoints/checkpoint_100000.pt,runs/main/model_free/runs/ppo/finger_spin/seed_9_20260428-133628
ppo,finger_spin,9,fric_0.5,10,0.0,0.0,6,nan,runs/main/model_free/runs/ppo/finger_spin/seed_9_20260428-133628/checkpoints/checkpoint_100000.pt,runs/main/model_free/runs/ppo/finger_spin/seed_9_20260428-133628
ppo,finger_spin,9,fric_1.5,10,0.0,0.0,6,nan,runs/main/model_free/runs/ppo/finger_spin/seed_9_20260428-133628/checkpoints/checkpoint_100000.pt,runs/main/model_free/runs/ppo/finger_spin/seed_9_20260428-133628
ppo,finger_spin,9,mass_1.3,10,0.0,0.0,6,nan,runs/main/model_free/runs/ppo/finger_spin/seed_9_20260428-133628/checkpoints/checkpoint_100000.pt,runs/main/model_free/runs/ppo/finger_spin/seed_9_20260428-133628
ppo,finger_spin,9,mass_1.5,10,0.0,0.0,6,nan,runs/main/model_free/runs/ppo/finger_spin/seed_9_20260428-133628/checkpoints/checkpoint_100000.pt,runs/main/model_free/runs/ppo/finger_spin/seed_9_20260428-133628
ppo,finger_spin,9,delay_2,10,0.0,0.0,6,nan,runs/main/model_free/runs/ppo/finger_spin/seed_9_20260428-133628/checkpoints/checkpoint_100000.pt,runs/main/model_free/runs/ppo/finger_spin/seed_9_20260428-133628
ppo,cheetah_run,9,id,10,73.70650290657557,16.647016304939754,6,nan,runs/main/model_free/runs/ppo/cheetah_run/seed_9_20260428-133935/checkpoints/checkpoint_100000.pt,runs/main/model_free/runs/ppo/cheetah_run/seed_9_20260428-133935
ppo,finger_spin,9,mask_30,10,0.0,0.0,6,nan,runs/main/model_free/runs/ppo/finger_spin/seed_9_20260428-133628/checkpoints/checkpoint_100000.pt,runs/main/model_free/runs/ppo/finger_spin/seed_9_20260428-133628
ppo,cheetah_run,9,mass_0.7,10,45.5818293559977,22.201798673055503,6,nan,runs/main/model_free/runs/ppo/cheetah_run/seed_9_20260428-133935/checkpoints/checkpoint_100000.pt,runs/main/model_free/runs/ppo/cheetah_run/seed_9_20260428-133935
ppo,cheetah_run,9,damp_0.5,10,51.78116018463246,25.18168856263042,6,nan,runs/main/model_free/runs/ppo/cheetah_run/seed_9_20260428-133935/checkpoints/checkpoint_100000.pt,runs/main/model_free/runs/ppo/cheetah_run/seed_9_20260428-133935
ppo,cheetah_run,9,mass_1.3,10,82.31486359533147,28.06781579680289,6,nan,runs/main/model_free/runs/ppo/cheetah_run/seed_9_20260428-133935/checkpoints/checkpoint_100000.pt,runs/main/model_free/runs/ppo/cheetah_run/seed_9_20260428-133935
ppo,cheetah_run,9,damp_2.0,10,41.029522217179476,1.424859955658671,6,nan,runs/main/model_free/runs/ppo/cheetah_run/seed_9_20260428-133935/checkpoints/checkpoint_100000.pt,runs/main/model_free/runs/ppo/cheetah_run/seed_9_20260428-133935
ppo,cheetah_run,9,act_1.3,10,69.89333698035091,34.79449734120524,6,nan,runs/main/model_free/runs/ppo/cheetah_run/seed_9_20260428-133935/checkpoints/checkpoint_100000.pt,runs/main/model_free/runs/ppo/cheetah_run/seed_9_20260428-133935
ppo,cheetah_run,9,act_0.7,10,50.27916316211756,5.827960230130889,6,nan,runs/main/model_free/runs/ppo/cheetah_run/seed_9_20260428-133935/checkpoints/checkpoint_100000.pt,runs/main/model_free/runs/ppo/cheetah_run/seed_9_20260428-133935
ppo,cartpole_swingup,9,id,10,60.45054416566298,0.19094949105831258,6,nan,runs/main/model_free/runs/ppo/cartpole_swingup/seed_9_20260428-133944/checkpoints/checkpoint_100000.pt,runs/main/model_free/runs/ppo/cartpole_swingup/seed_9_20260428-133944
ppo,cartpole_swingup,9,mass_0.7,10,37.586490569637206,0.11435888162344715,6,nan,runs/main/model_free/runs/ppo/cartpole_swingup/seed_9_20260428-133944/checkpoints/checkpoint_100000.pt,runs/main/model_free/runs/ppo/cartpole_swingup/seed_9_20260428-133944
ppo,cartpole_swingup,9,mass_1.3,10,63.266489747537605,0.129498474852278,6,nan,runs/main/model_free/runs/ppo/cartpole_swingup/seed_9_20260428-133944/checkpoints/checkpoint_100000.pt,runs/main/model_free/runs/ppo/cartpole_swingup/seed_9_20260428-133944
ppo,cartpole_swingup,9,damp_0.5,10,60.44453943591837,0.19094869894018998,6,nan,runs/main/model_free/runs/ppo/cartpole_swingup/seed_9_20260428-133944/checkpoints/checkpoint_100000.pt,runs/main/model_free/runs/ppo/cartpole_swingup/seed_9_20260428-133944
ppo,cartpole_swingup,9,damp_2.0,10,60.4625488495235,0.1909511557006675,6,nan,runs/main/model_free/runs/ppo/cartpole_swingup/seed_9_20260428-133944/checkpoints/checkpoint_100000.pt,runs/main/model_free/runs/ppo/cartpole_swingup/seed_9_20260428-133944
ppo,cartpole_swingup,9,act_0.7,10,59.091097377380414,0.40393730071288264,6,nan,runs/main/model_free/runs/ppo/cartpole_swingup/seed_9_20260428-133944/checkpoints/checkpoint_100000.pt,runs/main/model_free/runs/ppo/cartpole_swingup/seed_9_20260428-133944
ppo,cartpole_swingup,9,act_1.3,10,41.13448929704715,0.27525914289333964,6,nan,runs/main/model_free/runs/ppo/cartpole_swingup/seed_9_20260428-133944/checkpoints/checkpoint_100000.pt,runs/main/model_free/runs/ppo/cartpole_swingup/seed_9_20260428-133944
sac,reacher_easy,7,id,10,113.1,76.14519026176244,6,nan,runs/main/model_free/runs/sac/reacher_easy/seed_7_20260428-132756/checkpoints/checkpoint_100000.pt,runs/main/model_free/runs/sac/reacher_easy/seed_7_20260428-132756
sac,reacher_easy,7,mass_0.7,10,113.1,76.31441541412737,6,nan,runs/main/model_free/runs/sac/reacher_easy/seed_7_20260428-132756/checkpoints/checkpoint_100000.pt,runs/main/model_free/runs/sac/reacher_easy/seed_7_20260428-132756
sac,reacher_easy,7,mass_1.3,10,111.0,75.1398695766768,6,nan,runs/main/model_free/runs/sac/reacher_easy/seed_7_20260428-132756/checkpoints/checkpoint_100000.pt,runs/main/model_free/runs/sac/reacher_easy/seed_7_20260428-132756
sac,reacher_easy,7,damp_0.5,10,72.5,57.64416709433835,6,nan,runs/main/model_free/runs/sac/reacher_easy/seed_7_20260428-132756/checkpoints/checkpoint_100000.pt,runs/main/model_free/runs/sac/reacher_easy/seed_7_20260428-132756
sac,reacher_easy,7,damp_2.0,10,95.6,69.18410222009099,6,nan,runs/main/model_free/runs/sac/reacher_easy/seed_7_20260428-132756/checkpoints/checkpoint_100000.pt,runs/main/model_free/runs/sac/reacher_easy/seed_7_20260428-132756
sac,reacher_easy,7,act_0.7,10,106.0,72.99041032902885,6,nan,runs/main/model_free/runs/sac/reacher_easy/seed_7_20260428-132756/checkpoints/checkpoint_100000.pt,runs/main/model_free/runs/sac/reacher_easy/seed_7_20260428-132756
sac,reacher_easy,7,act_1.3,10,110.3,75.66247418634947,6,nan,runs/main/model_free/runs/sac/reacher_easy/seed_7_20260428-132756/checkpoints/checkpoint_100000.pt,runs/main/model_free/runs/sac/reacher_easy/seed_7_20260428-132756
sac,finger_spin,7,id,10,214.5,12.241323457861899,6,nan,runs/main/model_free/runs/sac/finger_spin/seed_7_20260428-132756/checkpoints/checkpoint_100000.pt,runs/main/model_free/runs/sac/finger_spin/seed_7_20260428-132756
sac,finger_spin,7,fric_0.5,10,168.8,16.351146748775758,6,nan,runs/main/model_free/runs/sac/finger_spin/seed_7_20260428-132756/checkpoints/checkpoint_100000.pt,runs/main/model_free/runs/sac/finger_spin/seed_7_20260428-132756
sac,finger_spin,7,fric_1.5,10,217.9,12.910848151845022,6,nan,runs/main/model_free/runs/sac/finger_spin/seed_7_20260428-132756/checkpoints/checkpoint_100000.pt,runs/main/model_free/runs/sac/finger_spin/seed_7_20260428-132756
sac,finger_spin,7,mass_1.3,10,159.7,11.49826073804208,6,nan,runs/main/model_free/runs/sac/finger_spin/seed_7_20260428-132756/checkpoints/checkpoint_100000.pt,runs/main/model_free/runs/sac/finger_spin/seed_7_20260428-132756
sac,finger_spin,7,mass_1.5,10,148.6,23.58050041877822,6,nan,runs/main/model_free/runs/sac/finger_spin/seed_7_20260428-132756/checkpoints/checkpoint_100000.pt,runs/main/model_free/runs/sac/finger_spin/seed_7_20260428-132756
sac,finger_spin,7,delay_2,10,54.7,14.926821496889417,6,nan,runs/main/model_free/runs/sac/finger_spin/seed_7_20260428-132756/checkpoints/checkpoint_100000.pt,runs/main/model_free/runs/sac/finger_spin/seed_7_20260428-132756
sac,cheetah_run,7,id,10,99.74558240343205,6.4380005478574205,6,nan,runs/main/model_free/runs/sac/cheetah_run/seed_7_20260428-132757/checkpoints/checkpoint_100000.pt,runs/main/model_free/runs/sac/cheetah_run/seed_7_20260428-132757
sac,finger_spin,7,mask_30,10,66.3,18.08341781854304,6,nan,runs/main/model_free/runs/sac/finger_spin/seed_7_20260428-132756/checkpoints/checkpoint_100000.pt,runs/main/model_free/runs/sac/finger_spin/seed_7_20260428-132756
sac,cheetah_run,7,mass_0.7,10,74.76957666342707,9.68989128487587,6,nan,runs/main/model_free/runs/sac/cheetah_run/seed_7_20260428-132757/checkpoints/checkpoint_100000.pt,runs/main/model_free/runs/sac/cheetah_run/seed_7_20260428-132757
sac,cheetah_run,7,damp_0.5,10,82.94769252910902,27.076308139036524,6,nan,runs/main/model_free/runs/sac/cheetah_run/seed_7_20260428-132757/checkpoints/checkpoint_100000.pt,runs/main/model_free/runs/sac/cheetah_run/seed_7_20260428-132757
sac,cheetah_run,7,mass_1.3,10,112.74912478166307,13.723156610893831,6,nan,runs/main/model_free/runs/sac/cheetah_run/seed_7_20260428-132757/checkpoints/checkpoint_100000.pt,runs/main/model_free/runs/sac/cheetah_run/seed_7_20260428-132757
sac,cheetah_run,7,damp_2.0,10,67.99952965882058,3.2163281173003475,6,nan,runs/main/model_free/runs/sac/cheetah_run/seed_7_20260428-132757/checkpoints/checkpoint_100000.pt,runs/main/model_free/runs/sac/cheetah_run/seed_7_20260428-132757
sac,cheetah_run,7,act_0.7,10,47.60789517390465,10.695426778651278,6,nan,runs/main/model_free/runs/sac/cheetah_run/seed_7_20260428-132757/checkpoints/checkpoint_100000.pt,runs/main/model_free/runs/sac/cheetah_run/seed_7_20260428-132757
sac,cheetah_run,7,act_1.3,10,95.1043013692483,15.323977960995164,6,nan,runs/main/model_free/runs/sac/cheetah_run/seed_7_20260428-132757/checkpoints/checkpoint_100000.pt,runs/main/model_free/runs/sac/cheetah_run/seed_7_20260428-132757
sac,cartpole_swingup,7,id,10,64.68099963158463,0.2667186512841437,6,nan,runs/main/model_free/runs/sac/cartpole_swingup/seed_7_20260428-132757/checkpoints/checkpoint_100000.pt,runs/main/model_free/runs/sac/cartpole_swingup/seed_7_20260428-132757
sac,cartpole_swingup,7,mass_1.3,10,62.57155840014777,0.3812891037991649,6,nan,runs/main/model_free/runs/sac/cartpole_swingup/seed_7_20260428-132757/checkpoints/checkpoint_100000.pt,runs/main/model_free/runs/sac/cartpole_swingup/seed_7_20260428-132757
sac,cartpole_swingup,7,mass_0.7,10,67.36775480104951,0.25010599536483713,6,nan,runs/main/model_free/runs/sac/cartpole_swingup/seed_7_20260428-132757/checkpoints/checkpoint_100000.pt,runs/main/model_free/runs/sac/cartpole_swingup/seed_7_20260428-132757
sac,cartpole_swingup,7,damp_0.5,10,64.68032774073323,0.26667538675548064,6,nan,runs/main/model_free/runs/sac/cartpole_swingup/seed_7_20260428-132757/checkpoints/checkpoint_100000.pt,runs/main/model_free/runs/sac/cartpole_swingup/seed_7_20260428-132757
sac,cartpole_swingup,7,damp_2.0,10,64.679320230344,0.2627270456588403,6,nan,runs/main/model_free/runs/sac/cartpole_swingup/seed_7_20260428-132757/checkpoints/checkpoint_100000.pt,runs/main/model_free/runs/sac/cartpole_swingup/seed_7_20260428-132757
sac,cartpole_swingup,7,act_0.7,10,61.23496904659957,0.41576607791880515,6,nan,runs/main/model_free/runs/sac/cartpole_swingup/seed_7_20260428-132757/checkpoints/checkpoint_100000.pt,runs/main/model_free/runs/sac/cartpole_swingup/seed_7_20260428-132757
sac,cartpole_swingup,7,act_1.3,10,66.56189622012332,0.21420290591829436,6,nan,runs/main/model_free/runs/sac/cartpole_swingup/seed_7_20260428-132757/checkpoints/checkpoint_100000.pt,runs/main/model_free/runs/sac/cartpole_swingup/seed_7_20260428-132757
sac,reacher_easy,8,id,10,106.4,73.41280542248744,6,nan,runs/main/model_free/runs/sac/reacher_easy/seed_8_20260428-133156/checkpoints/checkpoint_100000.pt,runs/main/model_free/runs/sac/reacher_easy/seed_8_20260428-133156
sac,reacher_easy,8,mass_0.7,10,100.1,70.5697527273548,6,nan,runs/main/model_free/runs/sac/reacher_easy/seed_8_20260428-133156/checkpoints/checkpoint_100000.pt,runs/main/model_free/runs/sac/reacher_easy/seed_8_20260428-133156
sac,reacher_easy,8,mass_1.3,10,106.2,72.65645188143996,6,nan,runs/main/model_free/runs/sac/reacher_easy/seed_8_20260428-133156/checkpoints/checkpoint_100000.pt,runs/main/model_free/runs/sac/reacher_easy/seed_8_20260428-133156
sac,reacher_easy,8,damp_0.5,10,96.8,61.914134089075326,6,nan,runs/main/model_free/runs/sac/reacher_easy/seed_8_20260428-133156/checkpoints/checkpoint_100000.pt,runs/main/model_free/runs/sac/reacher_easy/seed_8_20260428-133156
sac,reacher_easy,8,damp_2.0,10,80.8,77.58840119502398,6,nan,runs/main/model_free/runs/sac/reacher_easy/seed_8_20260428-133156/checkpoints/checkpoint_100000.pt,runs/main/model_free/runs/sac/reacher_easy/seed_8_20260428-133156
sac,reacher_easy,8,act_0.7,10,84.3,79.59026322358784,6,nan,runs/main/model_free/runs/sac/reacher_easy/seed_8_20260428-133156/checkpoints/checkpoint_100000.pt,runs/main/model_free/runs/sac/reacher_easy/seed_8_20260428-133156
sac,reacher_easy,8,act_1.3,10,102.4,70.81553501880784,6,nan,runs/main/model_free/runs/sac/reacher_easy/seed_8_20260428-133156/checkpoints/checkpoint_100000.pt,runs/main/model_free/runs/sac/reacher_easy/seed_8_20260428-133156
sac,finger_spin,8,id,10,164.4,12.94758664771161,6,nan,runs/main/model_free/runs/sac/finger_spin/seed_8_20260428-133156/checkpoints/checkpoint_100000.pt,runs/main/model_free/runs/sac/finger_spin/seed_8_20260428-133156
sac,finger_spin,8,fric_0.5,10,157.1,14.71359915180511,6,nan,runs/main/model_free/runs/sac/finger_spin/seed_8_20260428-133156/checkpoints/checkpoint_100000.pt,runs/main/model_free/runs/sac/finger_spin/seed_8_20260428-133156
sac,finger_spin,8,fric_1.5,10,165.9,10.192644406629714,6,nan,runs/main/model_free/runs/sac/finger_spin/seed_8_20260428-133156/checkpoints/checkpoint_100000.pt,runs/main/model_free/runs/sac/finger_spin/seed_8_20260428-133156
sac,finger_spin,8,mass_1.3,10,125.7,12.744018204632319,6,nan,runs/main/model_free/runs/sac/finger_spin/seed_8_20260428-133156/checkpoints/checkpoint_100000.pt,runs/main/model_free/runs/sac/finger_spin/seed_8_20260428-133156
sac,finger_spin,8,mass_1.5,10,108.5,15.252868582663394,6,nan,runs/main/model_free/runs/sac/finger_spin/seed_8_20260428-133156/checkpoints/checkpoint_100000.pt,runs/main/model_free/runs/sac/finger_spin/seed_8_20260428-133156
sac,finger_spin,8,delay_2,10,77.6,25.60156245231919,6,nan,runs/main/model_free/runs/sac/finger_spin/seed_8_20260428-133156/checkpoints/checkpoint_100000.pt,runs/main/model_free/runs/sac/finger_spin/seed_8_20260428-133156
sac,cheetah_run,8,id,10,120.41465518208356,12.308863062467713,6,nan,runs/main/model_free/runs/sac/cheetah_run/seed_8_20260428-133157/checkpoints/checkpoint_100000.pt,runs/main/model_free/runs/sac/cheetah_run/seed_8_20260428-133157
sac,finger_spin,8,mask_30,10,52.0,11.313708498984761,6,nan,runs/main/model_free/runs/sac/finger_spin/seed_8_20260428-133156/checkpoints/checkpoint_100000.pt,runs/main/model_free/runs/sac/finger_spin/seed_8_20260428-133156
sac,cheetah_run,8,mass_0.7,10,83.5771960373196,24.1289024374648,6,nan,runs/main/model_free/runs/sac/cheetah_run/seed_8_20260428-133157/checkpoints/checkpoint_100000.pt,runs/main/model_free/runs/sac/cheetah_run/seed_8_20260428-133157
sac,cheetah_run,8,mass_1.3,10,130.8731868435629,18.690225920387892,6,nan,runs/main/model_free/runs/sac/cheetah_run/seed_8_20260428-133157/checkpoints/checkpoint_100000.pt,runs/main/model_free/runs/sac/cheetah_run/seed_8_20260428-133157
sac,cheetah_run,8,damp_0.5,10,106.63363854557649,22.994239374916198,6,nan,runs/main/model_free/runs/sac/cheetah_run/seed_8_20260428-133157/checkpoints/checkpoint_100000.pt,runs/main/model_free/runs/sac/cheetah_run/seed_8_20260428-133157
sac,cheetah_run,8,damp_2.0,10,96.87221460929729,6.441496097042524,6,nan,runs/main/model_free/runs/sac/cheetah_run/seed_8_20260428-133157/checkpoints/checkpoint_100000.pt,runs/main/model_free/runs/sac/cheetah_run/seed_8_20260428-133157
sac,cheetah_run,8,act_0.7,10,94.25478836269596,4.195165738979655,6,nan,runs/main/model_free/runs/sac/cheetah_run/seed_8_20260428-133157/checkpoints/checkpoint_100000.pt,runs/main/model_free/runs/sac/cheetah_run/seed_8_20260428-133157
sac,cheetah_run,8,act_1.3,10,128.96266645268287,23.69172889943457,6,nan,runs/main/model_free/runs/sac/cheetah_run/seed_8_20260428-133157/checkpoints/checkpoint_100000.pt,runs/main/model_free/runs/sac/cheetah_run/seed_8_20260428-133157
sac,cartpole_swingup,8,id,10,65.52127586271331,0.22522066328424062,6,nan,runs/main/model_free/runs/sac/cartpole_swingup/seed_8_20260428-133229/checkpoints/checkpoint_100000.pt,runs/main/model_free/runs/sac/cartpole_swingup/seed_8_20260428-133229
sac,cartpole_swingup,8,mass_0.7,10,68.27091123671168,0.20174143686962706,6,nan,runs/main/model_free/runs/sac/cartpole_swingup/seed_8_20260428-133229/checkpoints/checkpoint_100000.pt,runs/main/model_free/runs/sac/cartpole_swingup/seed_8_20260428-133229
sac,cartpole_swingup,8,mass_1.3,10,61.992923905273145,0.25464297626390553,6,nan,runs/main/model_free/runs/sac/cartpole_swingup/seed_8_20260428-133229/checkpoints/checkpoint_100000.pt,runs/main/model_free/runs/sac/cartpole_swingup/seed_8_20260428-133229
sac,cartpole_swingup,8,damp_0.5,10,65.52152956780762,0.22522018072280542,6,nan,runs/main/model_free/runs/sac/cartpole_swingup/seed_8_20260428-133229/checkpoints/checkpoint_100000.pt,runs/main/model_free/runs/sac/cartpole_swingup/seed_8_20260428-133229
sac,cartpole_swingup,8,damp_2.0,10,65.52076691372064,0.22522245997778584,6,nan,runs/main/model_free/runs/sac/cartpole_swingup/seed_8_20260428-133229/checkpoints/checkpoint_100000.pt,runs/main/model_free/runs/sac/cartpole_swingup/seed_8_20260428-133229
sac,cartpole_swingup,8,act_0.7,10,59.874832821324006,0.32997441582506454,6,nan,runs/main/model_free/runs/sac/cartpole_swingup/seed_8_20260428-133229/checkpoints/checkpoint_100000.pt,runs/main/model_free/runs/sac/cartpole_swingup/seed_8_20260428-133229
sac,cartpole_swingup,8,act_1.3,10,67.75481756183794,0.21992103590192932,6,nan,runs/main/model_free/runs/sac/cartpole_swingup/seed_8_20260428-133229/checkpoints/checkpoint_100000.pt,runs/main/model_free/runs/sac/cartpole_swingup/seed_8_20260428-133229
sac,reacher_easy,9,id,10,78.0,89.49860334105779,6,nan,runs/main/model_free/runs/sac/reacher_easy/seed_9_20260428-134024/checkpoints/checkpoint_100000.pt,runs/main/model_free/runs/sac/reacher_easy/seed_9_20260428-134024
sac,reacher_easy,9,mass_0.7,10,82.2,88.78378230285078,6,nan,runs/main/model_free/runs/sac/reacher_easy/seed_9_20260428-134024/checkpoints/checkpoint_100000.pt,runs/main/model_free/runs/sac/reacher_easy/seed_9_20260428-134024
sac,reacher_easy,9,mass_1.3,10,76.8,87.43774928484837,6,nan,runs/main/model_free/runs/sac/reacher_easy/seed_9_20260428-134024/checkpoints/checkpoint_100000.pt,runs/main/model_free/runs/sac/reacher_easy/seed_9_20260428-134024
sac,reacher_easy,9,damp_0.5,10,88.8,77.89069264039189,6,nan,runs/main/model_free/runs/sac/reacher_easy/seed_9_20260428-134024/checkpoints/checkpoint_100000.pt,runs/main/model_free/runs/sac/reacher_easy/seed_9_20260428-134024
sac,reacher_easy,9,damp_2.0,10,72.7,85.19630273667983,6,nan,runs/main/model_free/runs/sac/reacher_easy/seed_9_20260428-134024/checkpoints/checkpoint_100000.pt,runs/main/model_free/runs/sac/reacher_easy/seed_9_20260428-134024
sac,reacher_easy,9,act_0.7,10,75.4,86.91743208355848,6,nan,runs/main/model_free/runs/sac/reacher_easy/seed_9_20260428-134024/checkpoints/checkpoint_100000.pt,runs/main/model_free/runs/sac/reacher_easy/seed_9_20260428-134024
sac,reacher_easy,9,act_1.3,10,87.8,84.0747286644447,6,nan,runs/main/model_free/runs/sac/reacher_easy/seed_9_20260428-134024/checkpoints/checkpoint_100000.pt,runs/main/model_free/runs/sac/reacher_easy/seed_9_20260428-134024
sac,finger_spin,9,id,10,144.3,10.450358845513392,6,nan,runs/main/model_free/runs/sac/finger_spin/seed_9_20260428-134029/checkpoints/checkpoint_100000.pt,runs/main/model_free/runs/sac/finger_spin/seed_9_20260428-134029
sac,finger_spin,9,fric_0.5,10,131.8,16.19135571840728,6,nan,runs/main/model_free/runs/sac/finger_spin/seed_9_20260428-134029/checkpoints/checkpoint_100000.pt,runs/main/model_free/runs/sac/finger_spin/seed_9_20260428-134029
sac,finger_spin,9,fric_1.5,10,143.7,14.656397920362288,6,nan,runs/main/model_free/runs/sac/finger_spin/seed_9_20260428-134029/checkpoints/checkpoint_100000.pt,runs/main/model_free/runs/sac/finger_spin/seed_9_20260428-134029
sac,finger_spin,9,mass_1.3,10,137.9,13.382451195502265,6,nan,runs/main/model_free/runs/sac/finger_spin/seed_9_20260428-134029/checkpoints/checkpoint_100000.pt,runs/main/model_free/runs/sac/finger_spin/seed_9_20260428-134029
sac,finger_spin,9,mass_1.5,10,131.3,21.052553289328117,6,nan,runs/main/model_free/runs/sac/finger_spin/seed_9_20260428-134029/checkpoints/checkpoint_100000.pt,runs/main/model_free/runs/sac/finger_spin/seed_9_20260428-134029
sac,finger_spin,9,delay_2,10,41.6,12.831211945876353,6,nan,runs/main/model_free/runs/sac/finger_spin/seed_9_20260428-134029/checkpoints/checkpoint_100000.pt,runs/main/model_free/runs/sac/finger_spin/seed_9_20260428-134029
sac,cheetah_run,9,id,10,113.05701691365599,26.687129652796926,6,nan,runs/main/model_free/runs/sac/cheetah_run/seed_9_20260428-134059/checkpoints/checkpoint_100000.pt,runs/main/model_free/runs/sac/cheetah_run/seed_9_20260428-134059
sac,finger_spin,9,mask_30,10,41.3,10.227903010881557,6,nan,runs/main/model_free/runs/sac/finger_spin/seed_9_20260428-134029/checkpoints/checkpoint_100000.pt,runs/main/model_free/runs/sac/finger_spin/seed_9_20260428-134029
sac,cheetah_run,9,mass_0.7,10,81.34710827318987,14.17965071748573,6,nan,runs/main/model_free/runs/sac/cheetah_run/seed_9_20260428-134059/checkpoints/checkpoint_100000.pt,runs/main/model_free/runs/sac/cheetah_run/seed_9_20260428-134059
sac,cheetah_run,9,mass_1.3,10,92.53234377140032,51.926800099086236,6,nan,runs/main/model_free/runs/sac/cheetah_run/seed_9_20260428-134059/checkpoints/checkpoint_100000.pt,runs/main/model_free/runs/sac/cheetah_run/seed_9_20260428-134059
sac,cheetah_run,9,damp_0.5,10,122.71699538812236,45.739435074913615,6,nan,runs/main/model_free/runs/sac/cheetah_run/seed_9_20260428-134059/checkpoints/checkpoint_100000.pt,runs/main/model_free/runs/sac/cheetah_run/seed_9_20260428-134059
sac,cheetah_run,9,damp_2.0,10,84.1065348350153,7.492977120844205,6,nan,runs/main/model_free/runs/sac/cheetah_run/seed_9_20260428-134059/checkpoints/checkpoint_100000.pt,runs/main/model_free/runs/sac/cheetah_run/seed_9_20260428-134059
sac,cheetah_run,9,act_0.7,10,93.0582991799044,14.392906604388084,6,nan,runs/main/model_free/runs/sac/cheetah_run/seed_9_20260428-134059/checkpoints/checkpoint_100000.pt,runs/main/model_free/runs/sac/cheetah_run/seed_9_20260428-134059
sac,cheetah_run,9,act_1.3,10,135.02752658024198,16.769763340910842,6,nan,runs/main/model_free/runs/sac/cheetah_run/seed_9_20260428-134059/checkpoints/checkpoint_100000.pt,runs/main/model_free/runs/sac/cheetah_run/seed_9_20260428-134059
sac,cartpole_swingup,9,id,10,67.62992782063017,0.17119564479926075,6,nan,runs/main/model_free/runs/sac/cartpole_swingup/seed_9_20260428-134119/checkpoints/checkpoint_100000.pt,runs/main/model_free/runs/sac/cartpole_swingup/seed_9_20260428-134119
sac,cartpole_swingup,9,mass_0.7,10,71.02909379006203,0.11671085779408781,6,nan,runs/main/model_free/runs/sac/cartpole_swingup/seed_9_20260428-134119/checkpoints/checkpoint_100000.pt,runs/main/model_free/runs/sac/cartpole_swingup/seed_9_20260428-134119
sac,cartpole_swingup,9,mass_1.3,10,63.31580307743652,0.1844854783466453,6,nan,runs/main/model_free/runs/sac/cartpole_swingup/seed_9_20260428-134119/checkpoints/checkpoint_100000.pt,runs/main/model_free/runs/sac/cartpole_swingup/seed_9_20260428-134119
sac,cartpole_swingup,9,damp_0.5,10,67.63000352432,0.1711847451201363,6,nan,runs/main/model_free/runs/sac/cartpole_swingup/seed_9_20260428-134119/checkpoints/checkpoint_100000.pt,runs/main/model_free/runs/sac/cartpole_swingup/seed_9_20260428-134119
sac,cartpole_swingup,9,damp_2.0,10,67.62977595910725,0.1712181758703335,6,nan,runs/main/model_free/runs/sac/cartpole_swingup/seed_9_20260428-134119/checkpoints/checkpoint_100000.pt,runs/main/model_free/runs/sac/cartpole_swingup/seed_9_20260428-134119
sac,cartpole_swingup,9,act_0.7,10,61.846518392645635,0.17884999191244647,6,nan,runs/main/model_free/runs/sac/cartpole_swingup/seed_9_20260428-134119/checkpoints/checkpoint_100000.pt,runs/main/model_free/runs/sac/cartpole_swingup/seed_9_20260428-134119
sac,cartpole_swingup,9,act_1.3,10,70.4088686570258,0.136746407891074,6,nan,runs/main/model_free/runs/sac/cartpole_swingup/seed_9_20260428-134119/checkpoints/checkpoint_100000.pt,runs/main/model_free/runs/sac/cartpole_swingup/seed_9_20260428-134119
